archivo;titulo;actual;estado;nuevo_modulo;nuevo_submodulo;nuevo_subtopic;motivo
cita-previa/15-url-s-de-kiosko-pantallas-centrales-kiosko-stop-go-etc.md;Url´s de kiosko, pantallas centrales, kiosko stop&go, etc;Cita previa > General;MAPEADO;Tareas;Tareas;;modulo-de-tareas/validador-retail
cita-previa/4-servicios.md;Servicios;Cita previa > General;MAPEADO;Tareas;Tareas;;modulo-de-tareas/tareas-para-el-administrador/4-procesos
cita-previa/herramienta-de-cita-previa.md;Herramienta de Cita previa;Cita previa > General;SIN MAPEAR;Pendiente de revisión;;;Sin categoría legacy (guía editorial, prueba o sin origen conocido)
cita-previa/tareas-app.md;Tareas APP;Cita previa > General;SIN MAPEAR;Pendiente de revisión;;;Ya está en App móvil (posible duplicado) [app/trabajador-app/4-tareas]
configuracion-y-cuenta/1-10-configuracion-de-jornadas.md;Configuración de jornadas;Configuración y cuenta > General;SUBNIVEL PENDIENTE;Nóminas;Pendiente de revisión;;administrador/administrar/exportacion-nominas/1-configuracion-general-exportacion-nominas
configuracion-y-cuenta/1-3-inicio-widgets.md;Inicio (Widgets);Configuración y cuenta > Roles y permisos;SIN MAPEAR;Pendiente de revisión;;;Categoría legacy sin regla: administrador/inicio [administrador/inicio]
configuracion-y-cuenta/1-configuracion-general.md;Configuración general;Configuración y cuenta > General;SUBNIVEL PENDIENTE;Nóminas;Pendiente de revisión;;nominas/administradorrrhh
configuracion-y-cuenta/1-informe-control-legal.md;Informe control legal;Configuración y cuenta > Roles y permisos;MAPEADO;Gestión de RR.HH.;Control horario de equipos;;control-horario/rrhh-control-horario/9-control-legal
configuracion-y-cuenta/10-la-preparacion-de-los-puestos.md;La preparación de los puestos;Configuración y cuenta > General;MAPEADO;Tareas;Tareas;;modulo-de-tareas/validador-retail
configuracion-y-cuenta/2-6-ajustes.md;Ajustes en aTurnos;Configuración y cuenta > Vacaciones y ausencias;MAPEADO;Gestión de RR.HH.;Registros;;rrhh/rrhh-registros
configuracion-y-cuenta/24-importacion-de-ajustes-coeficiente-de-horas.md;Importación de Ajustes-Coeficiente de Horas;Configuración y cuenta > Usuarios y perfiles;SIN MAPEAR;Pendiente de revisión;;;Categoría legacy sin regla: administrador/administrar/importar-exportar/importar [administrador/administrar/importar-exportar/importar]
configuracion-y-cuenta/4-ajustar-guardias-localizadas.md;Ajustar guardias localizadas;Configuración y cuenta > Roles y permisos;MAPEADO;Control horario;Guardias localizadas;;control-horario/rrhh-control-horario/4-ajustar-guardias-localizadas
configuracion-y-cuenta/5-12-ajustes-automaticos.md;Ajustes automáticos;Configuración y cuenta > Equipo y centros;MAPEADO;Control horario;Configuración del control horario;;control-horario/control-de-presencia-administrador/configuracion-control-de-presencia
configuracion-y-cuenta/5-3-descansos.md;Descansos;Configuración y cuenta > Roles y permisos;MAPEADO;Control horario;Configuración del control horario;;control-horario/control-de-presencia-administrador/configuracion-control-de-presencia
configuracion-y-cuenta/5-8-configuracion-de-guardias.md;Configuración de guardias;Configuración y cuenta > Roles y permisos;MAPEADO;Control horario;Configuración del control horario;;control-horario/control-de-presencia-administrador/configuracion-control-de-presencia
configuracion-y-cuenta/6-6-configuracion.md;Configuración;Configuración y cuenta > General;MAPEADO;Reportes estadísticos;Por defecto;;administrador/estadisticas
configuracion-y-cuenta/6-ajustes-automaticos.md;Ajustes automáticos;Configuración y cuenta > Equipo y centros;MAPEADO;Trabajadores;Listado;;administrador/trabajadores/listado-de-trabajadores/editar-perfil-de-trabajador/1-general-perfil-del-trabajador
configuracion-y-cuenta/7-11-externos.md;Externos;Configuración y cuenta > Roles y permisos;SIN MAPEAR;Pendiente de revisión;;;Categoría legacy sin regla: administrador/administrar/externos [administrador/administrar/externos]
configuracion-y-cuenta/7-control-legal.md;Control legal;Configuración y cuenta > Roles y permisos;MAPEADO;Gestión de RR.HH.;Control horario de equipos;;control-horario/rrhh-control-horario
configuracion-y-cuenta/a-configuracion.md;Configuración;Configuración y cuenta > Equipo y centros;SIN MAPEAR;Pendiente de revisión;;;Categoría legacy sin regla: administrador/administrar/importar-exportar/configuracion [administrador/administrar/importar-exportar/configuracion]
configuracion-y-cuenta/ajustes.md;Ajustes en aTurnos;Configuración y cuenta > General;MAPEADO;Gestión de RR.HH.;Control horario de equipos;;control-horario/rrhh-control-horario/10-timecard
configuracion-y-cuenta/b-datos-del-equipo.md;Datos del equipo;Configuración y cuenta > Roles y permisos;MAPEADO;Configuración de Equipos;Datos del equipo;;administrador/administrar/ajustes/datos-del-equipo
configuracion-y-cuenta/como-puedo-activar-desactivar-las-notificaciones-de-la-app.md;¿Cómo puedo activar/desactivar las notificaciones de la APP?;Configuración y cuenta > Roles y permisos;SIN MAPEAR;Pendiente de revisión;;;Ya está en App móvil (posible duplicado) [app/preguntas-frecuentes]
configuracion-y-cuenta/como-puedo-cambiar-la-contrasena-desde-la-app.md;¿Cómo puedo cambiar la contraseña desde la APP?;Configuración y cuenta > Usuarios y perfiles;SIN MAPEAR;Pendiente de revisión;;;Ya está en App móvil (posible duplicado) [app/preguntas-frecuentes]
configuracion-y-cuenta/como-recuperar-contrasena-desde-la-app-de-aturnos.md;¿Cómo recuperar contraseña desde la APP de aTurnos?;Configuración y cuenta > Turnos y patrones;SIN MAPEAR;Pendiente de revisión;;;Ya está en App móvil (posible duplicado) [app/preguntas-frecuentes]
configuracion-y-cuenta/d-cambios.md;Cambios en aTurnos;Configuración y cuenta > Roles y permisos;MAPEADO;Configuración de Equipos;Cambios;;administrador/administrar/ajustes/cambios
configuracion-y-cuenta/g-acciones-automaticas.md;Acciones Automáticas;Configuración y cuenta > Roles y permisos;MAPEADO;Configuración de Equipos;Acciones automáticas;;administrador/administrar/ajustes/acciones-automaticas
configuracion-y-cuenta/i-jornadas-ii.md;Jornadas II;Configuración y cuenta > General;MAPEADO;Reportes estadísticos;Por defecto;;administrador/estadisticas/estadisticas-por-defecto
configuracion-y-cuenta/i-pantalla-de-inicio.md;Pantalla de inicio;Configuración y cuenta > Roles y permisos;MAPEADO;Configuración de Equipos;Inicio;;administrador/administrar/ajustes/pantalla-de-inicio
configuracion-y-cuenta/por-que-no-puedo-ver-el-saldo-de-horas.md;¿Por qué no puedo ver el saldo de horas?;Configuración y cuenta > Roles y permisos;SIN MAPEAR;Pendiente de revisión;;;Ya está en App móvil (posible duplicado) [app/preguntas-frecuentes]
control-horario/1-1-filtros-de-fichajes.md;Filtros de fichajes;Control horario > Vacaciones y ausencias;MAPEADO;Control horario;Diario;;control-horario/control-de-presencia-administrador/diario-administrador
control-horario/1-2-detalle-de-los-fichajes.md;Detalle de los fichajes;Control horario > Vacaciones y ausencias;MAPEADO;Control horario;Diario;;control-horario/control-de-presencia-administrador/diario-administrador
control-horario/1-4-anadir-insertar-modificar-y-cerrar-fichajes.md;Añadir, insertar, modificar y cerrar fichajes;Control horario > Fichajes;MAPEADO;Control horario;Diario;;control-horario/control-de-presencia-administrador/diario-administrador
control-horario/1-5-estado-y-ajustar-fichajes.md;Estado y ajustar fichajes;Control horario > Vacaciones y ausencias;MAPEADO;Control horario;Diario;;control-horario/control-de-presencia-administrador/diario-administrador
control-horario/1-como-fichar.md;Cómo fichar;Control horario > General;SUBNIVEL PENDIENTE;Control horario;Pendiente de revisión;;control-horario/control-de-presencia-trabajador/como-fichar-trabajador
control-horario/1-detalle.md;Detalle en aTurnos;Control horario > Fichajes;SUBNIVEL PENDIENTE;Control horario;Pendiente de revisión;;control-horario/control-de-presencia-administrador
control-horario/10-sobre-el-modulo-de-control-horario.md;Sobre el módulo de Control Horario;Control horario > Vacaciones y ausencias;MAPEADO;Planificación;Restricciones;;administrador/planificador/restricciones
control-horario/15-origen-de-los-fichajes.md;Origen de los fichajes;Control horario > Fichajes;MAPEADO;Gestión de RR.HH.;Control horario de equipos;;control-horario/rrhh-control-horario/9-control-legal
control-horario/2-1-listado-de-fichajes.md;Listado de fichajes;Control horario > Vacaciones y ausencias;MAPEADO;Control horario;Detalle del control horario;;control-horario/control-de-presencia-administrador/detalle-por-trabajador-administrador
control-horario/2-2-informe.md;Informe en aTurnos;Control horario > Fichajes;MAPEADO;Control horario;Detalle del control horario;;control-horario/control-de-presencia-administrador/detalle-por-trabajador-administrador
control-horario/2-menos-de-12-hrs-entre-fichajes.md;Menos de 12 hrs entre fichajes;Control horario > Altas y bajas;MAPEADO;Gestión de RR.HH.;Control horario de equipos;;control-horario/rrhh-control-horario/9-control-legal
control-horario/21-importar-fichajes-de-trabajadores.md;Importar fichajes de trabajadores;Control horario > Usuarios y perfiles;SIN MAPEAR;Pendiente de revisión;;;Categoría legacy sin regla: administrador/administrar/importar-exportar/importar [administrador/administrar/importar-exportar/importar]
control-horario/3-1-fichajes-pendientes.md;Fichajes pendientes;Control horario > Fichajes;MAPEADO;Control horario;Petición de fichajes;Peticiones de fichaje pendiente;control-horario/control-de-presencia-administrador/peticiones-de-fichajes-administrador
control-horario/3-mas-de-2-hrs-entre-fichajes.md;Más de 2 Hrs entre fichajes;Control horario > Altas y bajas;MAPEADO;Gestión de RR.HH.;Control horario de equipos;;control-horario/rrhh-control-horario/9-control-legal
control-horario/4-2-horas-presenciales.md;Horas presenciales;Control horario > Fichajes;MAPEADO;Control horario;Informes del control horario;;control-horario/control-de-presencia-administrador/estadisticas-control-de-presencia
control-horario/4-4-resumen-diario.md;Resumen diario;Control horario > Fichajes;MAPEADO;Control horario;Informes del control horario;;control-horario/control-de-presencia-administrador/estadisticas-control-de-presencia
control-horario/4-6-listado-de-fichajes.md;Listado de fichajes;Control horario > Fichajes;MAPEADO;Control horario;Informes del control horario;;control-horario/control-de-presencia-administrador/estadisticas-control-de-presencia
control-horario/4-7-calidad-del-fichaje.md;Calidad del fichaje;Control horario > Fichajes;MAPEADO;Control horario;Informes del control horario;;control-horario/control-de-presencia-administrador/estadisticas-control-de-presencia
control-horario/4-mis-fichajes.md;Mis fichajes;Control horario > Altas y bajas;SUBNIVEL PENDIENTE;Control horario;Pendiente de revisión;;control-horario/control-de-presencia-trabajador/mis-fichajes-trabajador
control-horario/5-1-ajustes-del-control-horario.md;Ajustes del control horario;Control horario > Fichajes;MAPEADO;Control horario;Configuración del control horario;;control-horario/control-de-presencia-administrador/configuracion-control-de-presencia
control-horario/5-11-tipos-de-fichajes.md;Tipos de fichajes;Control horario > Altas y bajas;MAPEADO;Control horario;Configuración del control horario;;control-horario/control-de-presencia-administrador/configuracion-control-de-presencia
control-horario/5-13-geolocalizacion.md;Geolocalización;Control horario > Fichajes;MAPEADO;Control horario;Configuración del control horario;;control-horario/control-de-presencia-administrador/configuracion-control-de-presencia
control-horario/5-15-sistemas-biometricos.md;Sistemas biométricos;Control horario > Fichajes;MAPEADO;Control horario;Configuración del control horario;;control-horario/control-de-presencia-administrador/configuracion-control-de-presencia
control-horario/5-16-teletrabajo-sin-control-web-ip.md;Teletrabajo (Sin control Web/IP);Control horario > Fichajes;MAPEADO;Control horario;Configuración del control horario;;control-horario/control-de-presencia-administrador/configuracion-control-de-presencia
control-horario/5-17-flexibilidad-de-fichajes.md;Flexibilidad de fichajes;Control horario > Altas y bajas;MAPEADO;Control horario;Configuración del control horario;;control-horario/control-de-presencia-administrador/configuracion-control-de-presencia
control-horario/5-18-integracion-control-de-presencia.md;Integración Control de Presencia;Control horario > Fichajes;MAPEADO;Control horario;Configuración del control horario;;control-horario/control-de-presencia-administrador/configuracion-control-de-presencia
control-horario/5-2-tolerancia.md;Tolerancia;Control horario > Fichajes;MAPEADO;Control horario;Configuración del control horario;;control-horario/control-de-presencia-administrador/configuracion-control-de-presencia
control-horario/5-5-privacidad.md;Privacidad;Control horario > Fichajes;MAPEADO;Control horario;Configuración del control horario;;control-horario/control-de-presencia-administrador/configuracion-control-de-presencia
control-horario/5-6-notificaciones.md;Notificaciones;Control horario > Fichajes;MAPEADO;Control horario;Configuración del control horario;;control-horario/control-de-presencia-administrador/configuracion-control-de-presencia
control-horario/5-9-fichaje-por-ip.md;Fichaje por IP;Control horario > Fichajes;MAPEADO;Control horario;Configuración del control horario;;control-horario/control-de-presencia-administrador/configuracion-control-de-presencia
control-horario/5-mas-de-5-hrs-fichadas-sin-descanso.md;Más de 5 Hrs fichadas sin descanso;Control horario > Vacaciones y ausencias;MAPEADO;Gestión de RR.HH.;Control horario de equipos;;control-horario/rrhh-control-horario/9-control-legal
control-horario/5-peticiones-de-fichajes.md;Peticiones de fichajes;Control horario > Fichajes;MAPEADO;Control horario;Petición de fichajes;;control-horario/control-de-presencia-trabajador/trabajador-peticiones-de-fichaje
control-horario/6-listado-peticiones-de-fichajes.md;Listado peticiones de fichajes;Control horario > General;MAPEADO;Gestión de RR.HH.;Control horario de equipos;;control-horario/rrhh-control-horario/6-listado-de-peticiones-de-fichajes-pendientes
control-horario/6-trabajadores-sin-descanso-realizado.md;Trabajadores sin descanso realizado;Control horario > Vacaciones y ausencias;MAPEADO;Gestión de RR.HH.;Control horario de equipos;;control-horario/rrhh-control-horario/9-control-legal
control-horario/7-listado-de-fichajes.md;Listado de fichajes;Control horario > Usuarios y perfiles;MAPEADO;Gestión de RR.HH.;Control horario de equipos;;control-horario/rrhh-control-horario/7-listado-de-fichajes-rrhh
control-horario/8-control-de-fichajes.md;Control de fichajes;Control horario > Usuarios y perfiles;MAPEADO;Gestión de RR.HH.;Control horario de equipos;;control-horario/rrhh-control-horario/8-control-de-fichajes-rrhh
control-horario/8-control-horario.md;Control Horario;Control horario > Fichajes;MAPEADO;Trabajadores;Listado;;administrador/trabajadores/listado-de-trabajadores/editar-perfil-de-trabajador
control-horario/aceptar-peticiones-de-marcajes.md;Aceptar peticiones de marcajes;Control horario > Fichajes;SIN MAPEAR;Pendiente de revisión;;;Ya está en App móvil (posible duplicado) [app/administrador-app]
control-horario/conceptos-tipo-10-conceptos-asociados-al-control-de-presencia.md;Conceptos tipo 10: Conceptos asociados al control de presencia;Control horario > Fichajes;MAPEADO;Nóminas;Conceptos de nóminas;;administrador/administrar/exportacion-nominas/conceptos-de-nomina/conceptos-comunes-de-nomina
control-horario/control-horario-app.md;Control Horario (APP);Control horario > Fichajes;SIN MAPEAR;Pendiente de revisión;;;Ya está en App móvil (posible duplicado) [app/trabajador-app/1-control-de-presencia-app]
control-horario/por-que-no-puedo-fichar-desde-la-app.md;¿Por qué no puedo fichar desde la APP?;Control horario > Vacaciones y ausencias;SIN MAPEAR;Pendiente de revisión;;;Ya está en App móvil (posible duplicado) [app/preguntas-frecuentes]
control-horario/prueba-subtopic-aprobar-vacaciones.md;Aprobar o rechazar solicitudes de vacaciones;Control horario > Vacaciones y ausencias > Solicitud de vacaciones;SIN MAPEAR;Pendiente de revisión;;;Sin categoría legacy (guía editorial, prueba o sin origen conocido)
control-horario/prueba-subtopic-solicitar-vacaciones.md;Cómo solicitar vacaciones desde el calendario;Control horario > Vacaciones y ausencias > Solicitud de vacaciones;SIN MAPEAR;Pendiente de revisión;;;Sin categoría legacy (guía editorial, prueba o sin origen conocido)
control-horario/que-valor-indica-y-para-que-sirve-el-status-presencia-horas-contrato.md;Que valor indica y para que sirve el status presencia horas contrato;Control horario > General;SIN MAPEAR;Pendiente de revisión;;;Sin categoría legacy (guía editorial, prueba o sin origen conocido)
costes-y-nominas/1-1-modo-de-validacion-para-la-exportacion.md;Modo de validación para la exportación;Costes y nóminas > Usuarios y perfiles;SUBNIVEL PENDIENTE;Nóminas;Pendiente de revisión;;administrador/administrar/exportacion-nominas/1-configuracion-general-exportacion-nominas
costes-y-nominas/1-2-descarga-de-nomina.md;Descarga de nómina;Costes y nóminas > Usuarios y perfiles;SUBNIVEL PENDIENTE;Nóminas;Pendiente de revisión;;administrador/administrar/exportacion-nominas/1-configuracion-general-exportacion-nominas
costes-y-nominas/1-3-comportamiento-de-aviso-de-cuadrante-cerrado-por-nomina.md;Comportamiento de aviso de cuadrante cerrado por nómina;Costes y nóminas > Vacaciones y ausencias;SUBNIVEL PENDIENTE;Nóminas;Pendiente de revisión;;administrador/administrar/exportacion-nominas/1-configuracion-general-exportacion-nominas
costes-y-nominas/1-8-festivos.md;Festivos;Costes y nóminas > Nóminas;SUBNIVEL PENDIENTE;Nóminas;Pendiente de revisión;;administrador/administrar/exportacion-nominas/1-configuracion-general-exportacion-nominas
costes-y-nominas/10-1-listado-de-conceptos-de-calculo-y-de-nomina-borrado-de-conceptos-de-calculo-de-nomina.md;Listado de conceptos de cálculo y de nómina. Borrado de conceptos de cálculo de nómina;Costes y nóminas > Usuarios y perfiles;SUBNIVEL PENDIENTE;Nóminas;Pendiente de revisión;;administrador/administrar/exportacion-nominas/10-funciones-de-rrhh
costes-y-nominas/10-4-exportar-a-nominas.md;Exportar a nóminas;Costes y nóminas > Cuadrante;SUBNIVEL PENDIENTE;Nóminas;Pendiente de revisión;;administrador/administrar/exportacion-nominas/10-funciones-de-rrhh
costes-y-nominas/10-5-estadistica-todos-los-equipos.md;Estadística todos los equipos;Costes y nóminas > Roles y permisos;SUBNIVEL PENDIENTE;Nóminas;Pendiente de revisión;;administrador/administrar/exportacion-nominas/10-funciones-de-rrhh
costes-y-nominas/10-costes.md;Costes en aTurnos;Costes y nóminas > Usuarios y perfiles;MAPEADO;Trabajadores;Listado;;administrador/trabajadores/listado-de-trabajadores/editar-perfil-de-trabajador
costes-y-nominas/12-importar-costes.md;Importar costes;Costes y nóminas > Usuarios y perfiles;SIN MAPEAR;Pendiente de revisión;;;Categoría legacy sin regla: administrador/administrar/importar-exportar/importar [administrador/administrar/importar-exportar/importar]
costes-y-nominas/2-1-conceptos-comunes-de-nomina.md;Conceptos comunes de nómina;Costes y nóminas > Nóminas;MAPEADO;Nóminas;Conceptos de nóminas;;administrador/administrar/exportacion-nominas/conceptos-de-nomina
costes-y-nominas/2-conceptos-de-calculo.md;Conceptos de cálculo;Costes y nóminas > General;SUBNIVEL PENDIENTE;Nóminas;Pendiente de revisión;;nominas/administradorrrhh
costes-y-nominas/3-1-conceptos-en-nomina.md;Conceptos en nómina;Costes y nóminas > Nóminas;MAPEADO;Nóminas;Conceptos de nóminas;;administrador/administrar/exportacion-nominas/conceptos-en-nomina
costes-y-nominas/3-conceptos-de-nomina.md;Conceptos de nómina;Costes y nóminas > Nóminas;SUBNIVEL PENDIENTE;Nóminas;Pendiente de revisión;;nominas/administradorrrhh
costes-y-nominas/4-1-plantilla-de-nomina.md;Plantilla de nómina;Costes y nóminas > General;SUBNIVEL PENDIENTE;Nóminas;Pendiente de revisión;;administrador/administrar/exportacion-nominas/plantilla-de-nomina
costes-y-nominas/4-exportacion-a-nominas.md;Exportación a nóminas;Costes y nóminas > Usuarios y perfiles;MAPEADO;Configuración de Equipos;General;;administrador/administrar/ajustes/configuracion-general
costes-y-nominas/4-plantilla-de-nomina.md;Plantilla de nómina;Costes y nóminas > Nóminas;SUBNIVEL PENDIENTE;Nóminas;Pendiente de revisión;;nominas/administradorrrhh
costes-y-nominas/5-1-exportar-nominas.md;Exportar nóminas;Costes y nóminas > Usuarios y perfiles;MAPEADO;Nóminas;Exportar nóminas;;administrador/administrar/exportacion-nominas/exportar-nominas
costes-y-nominas/6-1-estadistica-por-periodo.md;Estadística por periodo;Costes y nóminas > Usuarios y perfiles;MAPEADO;Nóminas;Estadísticas por periodos de varios equipos;;administrador/administrar/exportacion-nominas/estadisticas-exportacion-nominas
costes-y-nominas/6-1-listado-de-conceptos-de-nomina.md;Listado de conceptos de nómina;Costes y nóminas > Usuarios y perfiles;SUBNIVEL PENDIENTE;Nóminas;Pendiente de revisión;;rrhh/nominas-rrhh
costes-y-nominas/6-4-exportar-nominas.md;Exportar nóminas;Costes y nóminas > Usuarios y perfiles;SUBNIVEL PENDIENTE;Nóminas;Pendiente de revisión;;rrhh/nominas-rrhh
costes-y-nominas/7-nominas.md;Nóminas en aTurnos;Costes y nóminas > Usuarios y perfiles;MAPEADO;Trabajadores;Listado;;administrador/trabajadores/listado-de-trabajadores/editar-perfil-de-trabajador
costes-y-nominas/9-1-integracion-nominas.md;Integración nóminas;Costes y nóminas > Usuarios y perfiles;MAPEADO;Integración y API;API;;administrador/administrar/exportacion-nominas/9-integracion-api
costes-y-nominas/borrar-concpetos-en-nominas.md;Borrar conceptos en nominas;Costes y nóminas > General;SIN MAPEAR;Pendiente de revisión;;;Sin categoría legacy (guía editorial, prueba o sin origen conocido)
costes-y-nominas/costes-categoria.md;Costes/Categoría;Costes y nóminas > Vacaciones y ausencias;SIN MAPEAR;Pendiente de revisión;;;Módulo de Costes: no está en tu mapa [costes/a-configuracion-de-variables]
costes-y-nominas/costes-detalle.md;Costes Detalle;Costes y nóminas > Usuarios y perfiles;SIN MAPEAR;Pendiente de revisión;;;Módulo de Costes: no está en tu mapa [costes/2-estadisticas]
costes-y-nominas/costes-por-categoria.md;Costes por Categoría;Costes y nóminas > General;SIN MAPEAR;Pendiente de revisión;;;Módulo de Costes: no está en tu mapa [costes/2-estadisticas]
costes-y-nominas/costes-por-hora-general-equipo.md;Costes por hora general (equipo);Costes y nóminas > Nóminas;SIN MAPEAR;Pendiente de revisión;;;Módulo de Costes: no está en tu mapa [costes/a-configuracion-de-variables]
costes-y-nominas/costes-por-localizacion.md;Costes por localización;Costes y nóminas > General;SIN MAPEAR;Pendiente de revisión;;;Módulo de Costes: no está en tu mapa [costes/2-estadisticas]
costes-y-nominas/costes-por-turno.md;Costes por turno;Costes y nóminas > Vacaciones y ausencias;SIN MAPEAR;Pendiente de revisión;;;Módulo de Costes: no está en tu mapa [costes/a-configuracion-de-variables]
costes-y-nominas/costes-por-usuario.md;Costes por usuario;Costes y nóminas > Usuarios y perfiles;SIN MAPEAR;Pendiente de revisión;;;Módulo de Costes: no está en tu mapa [costes/a-configuracion-de-variables]
costes-y-nominas/guia-exportacion-nominas.md;Guía exportación nóminas;Costes y nóminas > Nóminas;SIN MAPEAR;Pendiente de revisión;;;Sin categoría legacy (guía editorial, prueba o sin origen conocido)
documentos/1-crear-tipo-de-documento.md;Crear tipo de documento;Documentos > Roles y permisos;MAPEADO;Documentos;Tipos de documentos;;modulo-de-documentos/administrador-documentos
documentos/1-subir-documentos.md;Subir documentos;Documentos > Altas y bajas;MAPEADO;Documentos;Subir documentos;;modulo-de-documentos/trabajador-documentos
documentos/2-subir-documentos.md;Subir documentos;Documentos > Usuarios y perfiles;MAPEADO;Documentos;Subir documentos;;modulo-de-documentos/administrador-documentos
documentos/2-ver-documentos-subidos.md;Ver documentos subidos;Documentos > Altas y bajas;MAPEADO;Documentos;Documentos;;modulo-de-documentos/trabajador-documentos
documentos/22-importar-acumulado-ano-anterior-timecard.md;Importar acumulado año anterior (Timecard);Documentos > General;SIN MAPEAR;Pendiente de revisión;;;Categoría legacy sin regla: administrador/administrar/importar-exportar/importar [administrador/administrar/importar-exportar/importar]
documentos/3-ver-documentos-subidos.md;Ver documentos subidos;Documentos > General;MAPEADO;Documentos;Documentos;;modulo-de-documentos/administrador-documentos
documentos/9-importar-tabla-de-coeficiente.md;Importar tabla de coeficiente;Documentos > General;SIN MAPEAR;Pendiente de revisión;;;Categoría legacy sin regla: administrador/administrar/importar-exportar/importar [administrador/administrar/importar-exportar/importar]
documentos/documentos.md;Documentos;Documentos > Altas y bajas;SIN MAPEAR;Pendiente de revisión;;;Ya está en App móvil (posible duplicado) [app/trabajador-app/6-documentos]
documentos/e-mostrar-ocultar-y-acciones.md;Mostrar/Ocultar y Acciones;Documentos > General;MAPEADO;Trabajadores;Listado;;administrador/trabajadores/listado-de-trabajadores/mostrar-ocultar-y-acciones
documentos/subir-y-descargar-documentos.md;Subir y descargar documentos;Documentos > Altas y bajas;SIN MAPEAR;Pendiente de revisión;;;Ya está en App móvil (posible duplicado) [app/administrador-app]
general/1-general.md;General en aTurnos;General > General;MAPEADO;Trabajadores;Listado;;administrador/trabajadores/listado-de-trabajadores/editar-perfil-de-trabajador
general/11-8-hrs-fichadas-en-nocturnidad.md;→ 8 Hrs fichadas en nocturnidad;General > General;MAPEADO;Gestión de RR.HH.;Control horario de equipos;;control-horario/rrhh-control-horario/9-control-legal
general/12-horas-fichadas-semanales.md;Horas fichadas semanales;General > General;MAPEADO;Gestión de RR.HH.;Control horario de equipos;;control-horario/rrhh-control-horario/9-control-legal
general/16-fines-de-semana-fichados.md;Fines de semana fichados;General > General;MAPEADO;Gestión de RR.HH.;Control horario de equipos;;control-horario/rrhh-control-horario/9-control-legal
general/17-copiar-dia.md;Copiar día;General > General;MAPEADO;Planificación;Cuadrantes;Cuadrante;administrador/cuadrante/cuadrante-cuadrante/menu-de-la-operativa-de-turno
general/5-estadisticas.md;Estadísticas;General > General;SUBNIVEL PENDIENTE;Nóminas;Pendiente de revisión;;nominas/administradorrrhh
general/6-3-cargar-reportes.md;Cargar reportes;General > General;MAPEADO;Reportes estadísticos;Por defecto;;administrador/estadisticas
general/6-ejemplos.md;Ejemplos;General > General;SUBNIVEL PENDIENTE;Nóminas;Pendiente de revisión;;nominas/administradorrrhh
general/8-mas-de-6-dias-seguidos-fichados.md;Más de 6 días seguidos fichados;General > General;MAPEADO;Gestión de RR.HH.;Control horario de equipos;;control-horario/rrhh-control-horario/9-control-legal
general/9-mas-de-6-dias-seguidos-planificados.md;Más de 6 días seguidos planificados;General > General;MAPEADO;Gestión de RR.HH.;Control horario de equipos;;control-horario/rrhh-control-horario/9-control-legal
general/guide-tui.md;Guide TUI;General > General;SIN MAPEAR;Pendiente de revisión;;;Sin categoría legacy (guía editorial, prueba o sin origen conocido)
general/hacer-cambio.md;Hacer cambio;General > General;SIN MAPEAR;Pendiente de revisión;;;Sin categoría legacy (guía editorial, prueba o sin origen conocido)
general/introduccion-2.md;Introduccion 2;General > General;SIN MAPEAR;Pendiente de revisión;;;Sin categoría legacy (guía editorial, prueba o sin origen conocido)
general/introduccion.md;Introduccion;General > General;SIN MAPEAR;Pendiente de revisión;;;Sin categoría legacy (guía editorial, prueba o sin origen conocido)
general/no-hay-aviso-sonoro.md;No hay aviso sonoro;General > General;SIN MAPEAR;Pendiente de revisión;;;Sin categoría legacy (guía editorial, prueba o sin origen conocido)
general/preguntas-frecuentes-mediamarkt.md;Preguntas frecuentes mediamarkt;General > General;SIN MAPEAR;Pendiente de revisión;;;Sin categoría legacy (guía editorial, prueba o sin origen conocido)
general/timecard-totalizado.md;Timecard Totalizado;General > General;MAPEADO;Gestión de RR.HH.;Control horario de equipos;;control-horario/rrhh-control-horario/10-timecard
gestion-de-personal/1-1-maestro-de-empleados.md;Maestro de empleados;Gestión de personal > Usuarios y perfiles;MAPEADO;Gestión de RR.HH.;Gestión de personal (Maestro de empleado);;rrhh/rrhh-estructura
gestion-de-personal/1-1-perfil-y-menu-principal-del-trabajador.md;Perfil y Menú principal del Trabajador;Gestión de personal > Usuarios y perfiles;SIN MAPEAR;Pendiente de revisión;;;Categoría legacy sin regla: trabajador/1-inicio [trabajador/1-inicio]
gestion-de-personal/1-2-barra-superior-de-la-pantalla.md;Barra superior de la pantalla;Gestión de personal > Usuarios y perfiles;SIN MAPEAR;Pendiente de revisión;;;Categoría legacy sin regla: administrador/inicio [administrador/inicio]
gestion-de-personal/1-2-barra-superior-de-pantalla.md;Barra superior de pantalla;Gestión de personal > Usuarios y perfiles;SIN MAPEAR;Pendiente de revisión;;;Categoría legacy sin regla: trabajador/1-inicio [trabajador/1-inicio]
gestion-de-personal/1-2-estructura-jerarquica.md;Estructura jerárquica;Gestión de personal > Altas y bajas;MAPEADO;Gestión de RR.HH.;Gestión de personal (Maestro de empleado);;rrhh/rrhh-estructura/rrhh-estructura-jerarquica
gestion-de-personal/1-3-delegacion-de-administradores.md;Delegación de administradores;Gestión de personal > Usuarios y perfiles;MAPEADO;Configuración de Equipos;Privacidad;;administrador/administrar/ajustes/privacidad
gestion-de-personal/1-3-opciones-por-trabajador.md;Opciones por trabajador;Gestión de personal > Usuarios y perfiles;MAPEADO;Control horario;Diario;;control-horario/control-de-presencia-administrador/diario-administrador
gestion-de-personal/1-4-medidas.md;Medidas en aTurnos;Gestión de personal > Contratos;MAPEADO;Gestión de RR.HH.;Gestión de personal (Maestro de empleado);;rrhh/rrhh-estructura/medidas-rrhh
gestion-de-personal/1-4-mis-equipos.md;Mis equipos;Gestión de personal > Usuarios y perfiles;MAPEADO;Planificación Avanzada/Automática;Tabla de cobertura;;administrador/cuadrante/cuadrante-cuadrante/tabla-de-cobertura
gestion-de-personal/1-5-nivel-que-puede-cambiar-la-fecha-de-cierre-de-un-empleado.md;Nivel que puede cambiar la fecha de cierre de un empleado;Gestión de personal > Usuarios y perfiles;SUBNIVEL PENDIENTE;Nóminas;Pendiente de revisión;;administrador/administrar/exportacion-nominas/1-configuracion-general-exportacion-nominas
gestion-de-personal/1-acceso-aturnos.md;Acceso aTurnos;Gestión de personal > Usuarios y perfiles;MAPEADO;Tareas;Tareas;;modulo-de-tareas/5-acceso-a-aturnos  (⚠ varias categorías: revisar)
gestion-de-personal/1-como-acceder-aturnos.md;Cómo acceder aTurnos;Gestión de personal > Usuarios y perfiles;MAPEADO;Tareas;Tareas;;modulo-de-tareas/administrador-jobs
gestion-de-personal/1-configuracion-de-convenios.md;Configuración de convenios;Gestión de personal > Contratos;MAPEADO;Planificación Avanzada/Automática;Asistente de planificación automática;;planificacion-automatica
gestion-de-personal/1-configuracion-reportes-rrhh.md;Configuración Reportes RRHH;Gestión de personal > Usuarios y perfiles;MAPEADO;Gestión de RR.HH.;Reportes de varios equipos;;rrhh/estadisticas-rrhh/f-configuracion-reportes-rrhh
gestion-de-personal/1-horas-en-los-equipos.md;Horas en los equipos;Gestión de personal > General;MAPEADO;Gestión de RR.HH.;Reportes de varios equipos;;rrhh/estadisticas-rrhh/d-horas-en-los-equipos
gestion-de-personal/1-importar-trabajadores-y-o-planificacion-altas-perfil-y-planificacion.md;Importar trabajadores y/o planificación: altas, perfil y planificación;Gestión de personal > Contratos;SIN MAPEAR;Pendiente de revisión;;;Categoría legacy sin regla: administrador/administrar/importar-exportar/importar [administrador/administrar/importar-exportar/importar]
gestion-de-personal/1-perfil-de-usuario.md;Perfil de usuario;Gestión de personal > Usuarios y perfiles;MAPEADO;Trabajadores;Listado;;administrador/trabajadores/listado-de-trabajadores/editar-perfil-de-trabajador/1-general-perfil-del-trabajador
gestion-de-personal/1-planificadas-vs-presenciales.md;Planificadas VS Presenciales;Gestión de personal > Usuarios y perfiles;MAPEADO;Gestión de RR.HH.;Control horario de equipos;;control-horario/rrhh-control-horario/1-planificadas-vs-presenciales
gestion-de-personal/1-reporte-detalles-trabajador.md;Reporte detalles trabajador;Gestión de personal > Usuarios y perfiles;MAPEADO;Gestión de RR.HH.;Reportes de varios equipos;;rrhh/estadisticas-rrhh/e-reporte-detalles-trabajador
gestion-de-personal/1-reportes-por-trabajador.md;Reportes por trabajador;Gestión de personal > Usuarios y perfiles;MAPEADO;Gestión de RR.HH.;Reportes de varios equipos;;rrhh/estadisticas-rrhh/b-reportes-por-trabajador
gestion-de-personal/1-ver-perfil.md;Ver perfil;Gestión de personal > Usuarios y perfiles;MAPEADO;Planificación;Cuadrantes;Cuadrante;administrador/cuadrante/cuadrante-cuadrante/menu-trabajador
gestion-de-personal/10-3-cierre-por-empleado-fecha-de-validacion-y-ultimo-dia-exportado-por-trabajador.md;Cierre por empleado, fecha de validación y último día exportado (por trabajador);Gestión de personal > Altas y bajas;SUBNIVEL PENDIENTE;Nóminas;Pendiente de revisión;;administrador/administrar/exportacion-nominas/10-funciones-de-rrhh
gestion-de-personal/10-6-estadistica-diaria-de-todos-los-equipos.md;Estadística diaria de todos los equipos;Gestión de personal > Usuarios y perfiles;SUBNIVEL PENDIENTE;Nóminas;Pendiente de revisión;;administrador/administrar/exportacion-nominas/10-funciones-de-rrhh
gestion-de-personal/10-hrs-fichadas-superior-a-hrs-contrato-dia.md;Hrs fichadas superior a Hrs contrato día;Gestión de personal > Contratos;MAPEADO;Gestión de RR.HH.;Control horario de equipos;;control-horario/rrhh-control-horario/9-control-legal
gestion-de-personal/10-importar-posiciones.md;Importar posiciones;Gestión de personal > General;SIN MAPEAR;Pendiente de revisión;;;Categoría legacy sin regla: administrador/administrar/importar-exportar/importar [administrador/administrar/importar-exportar/importar]
gestion-de-personal/10-tooltip-flotante.md;Tooltip flotante;Gestión de personal > Contratos;MAPEADO;Planificación;Cuadrantes;Cuadrante;administrador/cuadrante/cuadrante-cuadrante/menu-trabajador
gestion-de-personal/11-1-clonar-datos.md;Clonar datos;Gestión de personal > General;SUBNIVEL PENDIENTE;Nóminas;Pendiente de revisión;;administrador/administrar/exportacion-nominas/11-herramientas-de-consultor
gestion-de-personal/11-dispositivos.md;Dispositivos;Gestión de personal > Usuarios y perfiles;MAPEADO;Gestión de RR.HH.;Control horario de equipos;;control-horario/rrhh-control-horario/11-dispositivos-rrhh
gestion-de-personal/11-horas-en-los-equipos.md;Horas en los equipos;Gestión de personal > Contratos;MAPEADO;Planificación;Cuadrantes;Cuadrante;administrador/cuadrante/cuadrante-cuadrante/menu-trabajador
gestion-de-personal/11-importar-balance-de-ajustes.md;Importar balance de ajustes;Gestión de personal > Contratos;SIN MAPEAR;Pendiente de revisión;;;Categoría legacy sin regla: administrador/administrar/importar-exportar/importar [administrador/administrar/importar-exportar/importar]
gestion-de-personal/14-alertas-por-trabajador.md;Alertas por trabajador;Gestión de personal > Altas y bajas;MAPEADO;Gestión de RR.HH.;Control horario de equipos;;control-horario/rrhh-control-horario/9-control-legal
gestion-de-personal/2-2-conceptos-que-operan-entre-conceptos.md;Conceptos que operan entre conceptos;Gestión de personal > Altas y bajas;MAPEADO;Nóminas;Conceptos de nóminas;;administrador/administrar/exportacion-nominas/conceptos-de-nomina/2-2-conceptos-que-operan-entre-conceptos
gestion-de-personal/2-3-datos-personalizados.md;Datos Personalizados;Gestión de personal > General;MAPEADO;Gestión de RR.HH.;Registros;;rrhh/rrhh-registros
gestion-de-personal/2-4-datos-personalizados-por-trabajador.md;Datos personalizados por trabajador;Gestión de personal > Usuarios y perfiles;MAPEADO;Gestión de RR.HH.;Registros;;rrhh/rrhh-registros
gestion-de-personal/2-5-posiciones.md;Posiciones;Gestión de personal > Usuarios y perfiles;MAPEADO;Gestión de RR.HH.;Registros;;rrhh/rrhh-registros
gestion-de-personal/2-7-listado-de-festivos.md;Listado de festivos;Gestión de personal > Usuarios y perfiles;MAPEADO;Gestión de RR.HH.;Registros;;rrhh/rrhh-registros
gestion-de-personal/2-8-exportar-cuadrante-anual.md;Exportar cuadrante anual;Gestión de personal > Usuarios y perfiles;MAPEADO;Gestión de RR.HH.;Registros;;rrhh/rrhh-registros
gestion-de-personal/2-basica.md;Básica en aTurnos;Gestión de personal > Usuarios y perfiles;MAPEADO;Trabajadores;Listado;;administrador/trabajadores/listado-de-trabajadores/editar-perfil-de-trabajador/1-general-perfil-del-trabajador
gestion-de-personal/2-especialidades-del-trabajador.md;Especialidades del trabajador;Gestión de personal > Usuarios y perfiles;MAPEADO;Trabajadores;Listado;;administrador/trabajadores/listado-de-trabajadores/editar-perfil-de-trabajador
gestion-de-personal/2-estadisticas.md;Estadísticas;Gestión de personal > Usuarios y perfiles;MAPEADO;Tareas;Tareas;;modulo-de-tareas/administrador-jobs
gestion-de-personal/2-que-es-un-puesto.md;¿Qué es un puesto?;Gestión de personal > Altas y bajas;MAPEADO;Tareas;Tareas;;modulo-de-tareas/validador-retail
gestion-de-personal/26-importar-datos-personalizados.md;Importar datos personalizados;Gestión de personal > Contratos;SIN MAPEAR;Pendiente de revisión;;;Categoría legacy sin regla: administrador/administrar/importar-exportar/importar [administrador/administrar/importar-exportar/importar]
gestion-de-personal/3-categoria-contrato.md;Categoría & Contrato;Gestión de personal > Contratos;MAPEADO;Trabajadores;Listado;;administrador/trabajadores/listado-de-trabajadores/editar-perfil-de-trabajador/1-general-perfil-del-trabajador
gestion-de-personal/3-comentarios.md;Comentarios;Gestión de personal > Usuarios y perfiles;MAPEADO;Planificación;Cuadrantes;Cuadrante;administrador/cuadrante/cuadrante-cuadrante/menu-de-la-operativa-de-turno
gestion-de-personal/3-datos-personalizados-del-trabajador.md;Datos personalizados del trabajador;Gestión de personal > Altas y bajas;MAPEADO;Trabajadores;Listado;;administrador/trabajadores/listado-de-trabajadores/editar-perfil-de-trabajador
gestion-de-personal/3-importar-horas-al-trabajador-normales-extra-y-complementarias.md;Importar horas al trabajador (normales, extra y complementarias);Gestión de personal > Altas y bajas;SIN MAPEAR;Pendiente de revisión;;;Categoría legacy sin regla: administrador/administrar/importar-exportar/importar [administrador/administrar/importar-exportar/importar]
gestion-de-personal/3-informe.md;Informe en aTurnos;Gestión de personal > Usuarios y perfiles;MAPEADO;Gestión de RR.HH.;Control horario de equipos;;control-horario/rrhh-control-horario/3-informe-ch
gestion-de-personal/4-1-acciones.md;Acciones;Gestión de personal > Usuarios y perfiles;MAPEADO;Registros;De acciones;;administrador/registro/acciones
gestion-de-personal/4-1-log-de-equipos.md;Log de equipos;Gestión de personal > Usuarios y perfiles;MAPEADO;Gestión de RR.HH.;Logs, API y ejecuciones pendientes;;rrhh/logs-rrhh
gestion-de-personal/4-10-planificadas-vs-trabajadas.md;Planificadas vs Trabajadas;Gestión de personal > Usuarios y perfiles;MAPEADO;Control horario;Informes del control horario;;control-horario/control-de-presencia-administrador/estadisticas-control-de-presencia
gestion-de-personal/4-3-festivos-nocturnidad.md;Festivos & Nocturnidad;Gestión de personal > Altas y bajas;MAPEADO;Reportes estadísticos;Por defecto;;trabajador/4-estadisticas
gestion-de-personal/4-5-detalle-diario.md;Detalle diario;Gestión de personal > Usuarios y perfiles;MAPEADO;Control horario;Informes del control horario;;control-horario/control-de-presencia-administrador/estadisticas-control-de-presencia
gestion-de-personal/4-6-cambios-a-deber.md;Cambios a deber;Gestión de personal > Altas y bajas;MAPEADO;Registros;Cambios de turnos a deber;;administrador/registro/cambios-a-deber
gestion-de-personal/4-9-alertas-por-trabajador.md;Alertas por trabajador;Gestión de personal > Usuarios y perfiles;MAPEADO;Control horario;Informes del control horario;;control-horario/control-de-presencia-administrador/estadisticas-control-de-presencia
gestion-de-personal/4-estadisticas.md;Estadísticas;Gestión de personal > Usuarios y perfiles;MAPEADO;Tareas;Tareas;;modulo-de-tareas/8-estadisticas  (⚠ varias categorías: revisar)
gestion-de-personal/4-menos-de-4-hrs-fichadas-en-un-dia.md;Menos de 4 Hrs fichadas en un día;Gestión de personal > Altas y bajas;MAPEADO;Gestión de RR.HH.;Control horario de equipos;;control-horario/rrhh-control-horario/9-control-legal
gestion-de-personal/5-10-dispositivos.md;Dispositivos;Gestión de personal > Usuarios y perfiles;MAPEADO;Control horario;Configuración del control horario;;control-horario/control-de-presencia-administrador/configuracion-control-de-presencia
gestion-de-personal/5-4-configuracion-alertas.md;Configuración Alertas;Gestión de personal > Usuarios y perfiles;MAPEADO;Control horario;Configuración del control horario;;control-horario/control-de-presencia-administrador/configuracion-control-de-presencia
gestion-de-personal/5-7-visualizacion-de-detalle.md;Visualización de Detalle;Gestión de personal > Usuarios y perfiles;MAPEADO;Control horario;Configuración del control horario;;control-horario/control-de-presencia-administrador/configuracion-control-de-presencia
gestion-de-personal/5-estado-del-acumulado-del-empleado.md;Estado del acumulado del empleado;Gestión de personal > Usuarios y perfiles;MAPEADO;Gestión de RR.HH.;Control horario de equipos;;control-horario/rrhh-control-horario/5-estado-del-acumulado-ch
gestion-de-personal/5-limites-superiores-de-horas-de-los-empleados.md;Límites superiores de horas de los empleados;Gestión de personal > Contratos;MAPEADO;Planificación;Restricciones;;administrador/planificador/restricciones
gestion-de-personal/6-1-reportes-de-trabajadores.md;Reportes de trabajadores;Gestión de personal > Usuarios y perfiles;MAPEADO;Reportes estadísticos;Por defecto;;administrador/estadisticas
gestion-de-personal/6-3-cierre-por-empleado.md;Cierre por empleado;Gestión de personal > Usuarios y perfiles;SUBNIVEL PENDIENTE;Nóminas;Pendiente de revisión;;rrhh/nominas-rrhh
gestion-de-personal/6-5-estadistica-por-periodos-de-todos-los-equipos.md;Estadística por periodos de todos los equipos;Gestión de personal > Usuarios y perfiles;SUBNIVEL PENDIENTE;Nóminas;Pendiente de revisión;;rrhh/nominas-rrhh
gestion-de-personal/6-6-estadistica-diaria-de-todos-los-equipos.md;Estadística diaria de todos los equipos;Gestión de personal > Usuarios y perfiles;SUBNIVEL PENDIENTE;Nóminas;Pendiente de revisión;;rrhh/nominas-rrhh
gestion-de-personal/6-7-totalizada-por-equipo.md;Totalizada por equipo;Gestión de personal > Usuarios y perfiles;SUBNIVEL PENDIENTE;Nóminas;Pendiente de revisión;;rrhh/nominas-rrhh
gestion-de-personal/6-limites-inferiores-de-horas-de-los-empleados.md;Límites inferiores de horas de los empleados;Gestión de personal > Contratos;MAPEADO;Planificación;Restricciones;;administrador/planificador/restricciones
gestion-de-personal/6-sustituciones.md;Sustituciones;Gestión de personal > Usuarios y perfiles;MAPEADO;Planificación;Cuadrantes;Cuadrante;administrador/cuadrante/cuadrante-cuadrante/menu-trabajador
gestion-de-personal/7-1-clonacion-de-datos.md;Clonación de datos;Gestión de personal > Datos laborales;MAPEADO;Gestión de RR.HH.;Acciones y modificaciones de datos en bloque;;rrhh/acciones-rrhh
gestion-de-personal/7-1-estadistica-diaria.md;Estadística diaria;Gestión de personal > Usuarios y perfiles;MAPEADO;Nóminas;Estadísticas por días de varios equipos;;administrador/administrar/exportacion-nominas/estadistica-diaria
gestion-de-personal/7-10-resetear-contrasena-trabajadores-anonimos.md;Resetear contraseña trabajadores anónimos;Gestión de personal > Usuarios y perfiles;SIN MAPEAR;Pendiente de revisión;;;Categoría legacy sin regla: administrador/administrar/resetear-contrasenas-trabajadores-anonimos [administrador/administrar/resetear-contrasenas-trabajadores-anonimos]
gestion-de-personal/7-2-fusionar-usuarios.md;Fusionar usuarios;Gestión de personal > Usuarios y perfiles;MAPEADO;Gestión de RR.HH.;Acciones y modificaciones de datos en bloque;;rrhh/acciones-rrhh
gestion-de-personal/7-3-estado-de-los-permisos.md;Estado de los permisos;Gestión de personal > Usuarios y perfiles;MAPEADO;Gestión de RR.HH.;Acciones y modificaciones de datos en bloque;;rrhh/acciones-rrhh
gestion-de-personal/7-4-calendarios.md;Calendarios;Gestión de personal > Usuarios y perfiles;SIN MAPEAR;Pendiente de revisión;;;Categoría legacy sin regla: administrador/administrar/7-4-calendarios [administrador/administrar/7-4-calendarios]
gestion-de-personal/7-4-perfil-del-trabajador.md;Perfil del trabajador;Gestión de personal > Usuarios y perfiles;MAPEADO;Trabajadores;Datos del trabajador;Perfiles;administrador/administrar/perfil-del-trabajador
gestion-de-personal/7-9-activar-usuarios.md;Activar usuarios;Gestión de personal > Usuarios y perfiles;SIN MAPEAR;Pendiente de revisión;;;Categoría legacy sin regla: administrador/administrar/activar-usuarios [administrador/administrar/activar-usuarios]
gestion-de-personal/7-analisis-semanal.md;Análisis semanal;Gestión de personal > Contratos;MAPEADO;Planificación Avanzada/Automática;Asistente de planificación automática;;planificacion-automatica
gestion-de-personal/7-menos-de-8-hrs-fichadas-semanales.md;Menos de 8 Hrs fichadas semanales;Gestión de personal > Altas y bajas;MAPEADO;Gestión de RR.HH.;Control horario de equipos;;control-horario/rrhh-control-horario/9-control-legal
gestion-de-personal/8-1-ejemplos-practicos.md;Ejemplos Prácticos;Gestión de personal > Contratos;SUBNIVEL PENDIENTE;Nóminas;Pendiente de revisión;;administrador/administrar/exportacion-nominas/8-ejemplo
gestion-de-personal/a-anadir-trabajador.md;Añadir trabajador;Gestión de personal > Contratos;MAPEADO;Trabajadores;Listado;;administrador/trabajadores/listado-de-trabajadores/anadir-un-nuevo-trabajador
gestion-de-personal/a-datos-personalizados.md;Datos personalizados;Gestión de personal > Usuarios y perfiles;MAPEADO;Trabajadores;Datos del trabajador;Datos personalizados;administrador/trabajadores/datos-del-trabajador
gestion-de-personal/a-editar-mover-trabajadores-del-equipo.md;Editar/Mover trabajadores del equipo;Gestión de personal > Contratos;MAPEADO;Gestión de RR.HH.;Gestión de personal (Maestro de empleado);;rrhh/rrhh-estructura/maestro-de-empleados
gestion-de-personal/anadir-comentarios.md;Añadir comentarios;Gestión de personal > Altas y bajas;SIN MAPEAR;Pendiente de revisión;;;Ya está en App móvil (posible duplicado) [app/administrador-app]
gestion-de-personal/asignar-botones-en-rpi.md;Asignar botones en RPI;Gestión de personal > Usuarios y perfiles;MAPEADO;Tareas;Tareas;;modulo-de-tareas/fila-unica
gestion-de-personal/b-acceder-al-perfil-del-trabajador.md;Acceder al perfil del trabajador;Gestión de personal > Usuarios y perfiles;MAPEADO;Gestión de RR.HH.;Gestión de personal (Maestro de empleado);;rrhh/rrhh-estructura/maestro-de-empleados
gestion-de-personal/b-especialidades.md;Especialidades;Gestión de personal > Vacaciones y ausencias;MAPEADO;Trabajadores;Datos del trabajador;Especialidades;administrador/trabajadores/datos-del-trabajador
gestion-de-personal/c-anadir-trabajadores-a-mas-equipos.md;Añadir trabajadores a más equipos;Gestión de personal > Contratos;MAPEADO;Gestión de RR.HH.;Gestión de personal (Maestro de empleado);;rrhh/rrhh-estructura/maestro-de-empleados
gestion-de-personal/c-categoria.md;Categoría;Gestión de personal > Contratos;MAPEADO;Trabajadores;Datos del trabajador;Categorías;administrador/trabajadores/datos-del-trabajador
gestion-de-personal/c-dar-de-baja-un-trabajador.md;Dar de baja un trabajador;Gestión de personal > Contratos;MAPEADO;Trabajadores;Listado;;administrador/trabajadores/listado-de-trabajadores/dar-de-baja-un-trabajador
gestion-de-personal/c-periodos-de-absentismo.md;Periodos de absentismo;Gestión de personal > Usuarios y perfiles;MAPEADO;Registros;De Absentismos;;administrador/registro/absentismos
gestion-de-personal/como-acceder-desde-la-app-de-aturnos.md;¿Cómo acceder desde la APP de aTurnos?;Gestión de personal > Usuarios y perfiles;SIN MAPEAR;Pendiente de revisión;;;Ya está en App móvil (posible duplicado) [app/preguntas-frecuentes]
gestion-de-personal/conceptos-tipo-5-conceptos-asociados-a-las-horas-personalizadas.md;Conceptos tipo 5.: Conceptos asociados a las horas personalizadas;Gestión de personal > Altas y bajas;MAPEADO;Nóminas;Conceptos de nóminas;;administrador/administrar/exportacion-nominas/conceptos-de-nomina/conceptos-comunes-de-nomina
gestion-de-personal/conceptos-tipo-6-conceptos-asociados-a-los-datos-personalizados.md;Conceptos tipo 6: Conceptos asociados a los datos personalizados;Gestión de personal > Usuarios y perfiles;MAPEADO;Nóminas;Conceptos de nóminas;;administrador/administrar/exportacion-nominas/conceptos-de-nomina/conceptos-comunes-de-nomina
gestion-de-personal/conceptos-tipo-7-conceptos-asociados-al-perfil-del-trabajador.md;Conceptos tipo 7: Conceptos asociados al perfil del trabajador;Gestión de personal > Contratos;MAPEADO;Nóminas;Conceptos de nóminas;;administrador/administrar/exportacion-nominas/conceptos-de-nomina/conceptos-comunes-de-nomina
gestion-de-personal/d-barra-superior.md;Barra superior;Gestión de personal > Usuarios y perfiles;MAPEADO;Trabajadores;Listado;;administrador/trabajadores/listado-de-trabajadores/barra-superior
gestion-de-personal/d-historico.md;Histórico;Gestión de personal > Usuarios y perfiles;MAPEADO;Trabajadores;Sustituciones;;administrador/trabajadores/sustituciones
gestion-de-personal/d-horas-dia-semana.md;Horas/día semana;Gestión de personal > Altas y bajas;MAPEADO;Reportes estadísticos;Por defecto;;administrador/estadisticas/estadisticas-por-defecto
gestion-de-personal/d-perfiles.md;Perfiles;Gestión de personal > Usuarios y perfiles;MAPEADO;Trabajadores;Datos del trabajador;Perfiles;administrador/trabajadores/datos-del-trabajador
gestion-de-personal/d-tipos-de-horas.md;Tipos de horas;Gestión de personal > Contratos;MAPEADO;Planificación;Tipos de turnos, tipos de horas y Patrones;Tipos de turno;administrador/planificador/tipos-de-turno
gestion-de-personal/d-ver-periodos-y-eliminar-trabajador.md;Ver periodos y eliminar trabajador;Gestión de personal > Contratos;MAPEADO;Gestión de RR.HH.;Gestión de personal (Maestro de empleado);;rrhh/rrhh-estructura/maestro-de-empleados
gestion-de-personal/estadisticas.md;Estadisticas;Gestión de personal > Altas y bajas;MAPEADO;Tareas;Tareas;;modulo-de-tareas/9-rrhh  (⚠ varias categorías: revisar)
gestion-de-personal/f-variables-del-listado-de-trabajadores.md;Variables del listado de trabajadores;Gestión de personal > Contratos;MAPEADO;Trabajadores;Listado;;administrador/trabajadores/listado-de-trabajadores/variables-de-trabajador
gestion-de-personal/f-visualizacion.md;Visualización;Gestión de personal > Contratos;MAPEADO;Configuración de Equipos;Visualización;;administrador/administrar/ajustes/visualizacion
gestion-de-personal/gestion-de-proyectos.md;Gestión de Proyectos;Gestión de personal > Usuarios y perfiles;SIN MAPEAR;Pendiente de revisión;;;Sin categoría legacy (guía editorial, prueba o sin origen conocido)
gestion-de-personal/guia-de-usuario.md;Guía de usuario;Gestión de personal > Usuarios y perfiles;SIN MAPEAR;Pendiente de revisión;;;Sin categoría legacy (guía editorial, prueba o sin origen conocido)
gestion-de-personal/inicio.md;Inicio en aTurnos;Gestión de personal > Usuarios y perfiles;SIN MAPEAR;Pendiente de revisión;;;Ya está en App móvil (posible duplicado) [app/trabajador-app/inicio-app]
gestion-de-personal/lanzar-ofertas.md;Lanzar ofertas;Gestión de personal > Altas y bajas;SIN MAPEAR;Pendiente de revisión;;;Ya está en App móvil (posible duplicado) [app/administrador-app]
gestion-de-personal/listado-de-trabajadores.md;Listado de trabajadores;Gestión de personal > Roles y permisos;SIN MAPEAR;Pendiente de revisión;;;Ya está en App móvil (posible duplicado) [app/trabajador-app/7-trabajadores]
gestion-de-personal/mensajes-in-app.md;Mensajes in-APP;Gestión de personal > Usuarios y perfiles;SIN MAPEAR;Pendiente de revisión;;;Ya está en App móvil (posible duplicado) [app/administrador-app]
gestion-de-personal/menu-del-trabajador.md;Menu del trabajador;Gestión de personal > General;SIN MAPEAR;Pendiente de revisión;;;Sin categoría legacy (guía editorial, prueba o sin origen conocido)
gestion-de-personal/migrar-saldos-del-acumulado-del-estado-de-horas.md;Migrar saldos del Acumulado del Estado de Horas;Gestión de personal > Usuarios y perfiles;MAPEADO;Gestión de RR.HH.;Control horario de equipos;;control-horario/rrhh-control-horario/10-timecard
gestion-de-personal/perfil-del-trabajador-app.md;Perfil del Trabajador (APP);Gestión de personal > Contratos;SIN MAPEAR;Pendiente de revisión;;;Ya está en App móvil (posible duplicado) [app/trabajador-app/8-perfil-del-trabajador]
gestion-de-personal/preguntas-frecuentes-administradores.md;Preguntas frecuentes Administradores;Gestión de personal > Contratos;SIN MAPEAR;Pendiente de revisión;;;Sin categoría legacy (guía editorial, prueba o sin origen conocido)
gestion-de-personal/preguntas-frecuentes-del-trabajador.md;Preguntas frecuentes del Trabajador;Gestión de personal > Usuarios y perfiles;SIN MAPEAR;Pendiente de revisión;;;Sin categoría legacy (guía editorial, prueba o sin origen conocido)
gestion-de-personal/preguntas-frecuentes-mediamarkt.md;Preguntas frecuentes Mediamarkt;Gestión de personal > Usuarios y perfiles;SIN MAPEAR;Pendiente de revisión;;;Sin categoría legacy (guía editorial, prueba o sin origen conocido)
gestion-de-personal/rrhh.md;Rrhh en aTurnos;Gestión de personal > Altas y bajas;MAPEADO;Tareas;Tareas;;modulo-de-tareas/administrador-jobs
gestion-de-personal/transporte-y-reparto.md;Transporte y Reparto;Gestión de personal > Usuarios y perfiles;SIN MAPEAR;Pendiente de revisión;;;Sin categoría legacy (guía editorial, prueba o sin origen conocido)
gestion-de-personal/widgets.md;Widgets en aTurnos;Gestión de personal > Usuarios y perfiles;SIN MAPEAR;Pendiente de revisión;;;Ya está en App móvil (posible duplicado) [app/administrador-app]
integraciones-y-api/15-importar-relacion-ids-external.md;Importar relación Ids External;Integraciones y API > General;SIN MAPEAR;Pendiente de revisión;;;Categoría legacy sin regla: administrador/administrar/importar-exportar/importar [administrador/administrar/importar-exportar/importar]
integraciones-y-api/7-4-relacion-ids-external.md;Relación Ids. External;Integraciones y API > Usuarios y perfiles;MAPEADO;Gestión de RR.HH.;Acciones y modificaciones de datos en bloque;;rrhh/acciones-rrhh
integraciones-y-api/integracion-con-personio.md;Integración con Personio;Integraciones y API > General;SIN MAPEAR;Pendiente de revisión;;;Sin categoría legacy (guía editorial, prueba o sin origen conocido)
integraciones-y-api/j-modulos.md;Módulos en aTurnos;Integraciones y API > General;MAPEADO;Configuración de Equipos;Módulos;;administrador/administrar/ajustes/j-modulos
peticiones-y-cambios/1-hacer-cambio-de-turno.md;Hacer Cambio de Turno;Peticiones y cambios > Roles y permisos;MAPEADO;Planificación;Cuadrantes;Cuadrante;administrador/cuadrante/cuadrante-cuadrante/menu-de-la-operativa-de-turno
peticiones-y-cambios/10-peticiones.md;Peticiones;Peticiones y cambios > Vacaciones y ausencias;MAPEADO;Planificación;Cuadrantes;Cuadrante;administrador/cuadrante/cuadrante-cuadrante/menu-de-la-operativa-de-turno
peticiones-y-cambios/2-1-nueva-peticion.md;Nueva petición;Peticiones y cambios > General;SIN MAPEAR;Pendiente de revisión;;;Ya está en App móvil (posible duplicado) [app/trabajador-app/2-peticiones-y-cambios]
peticiones-y-cambios/2-2-cambio-de-turno.md;Cambio de turno;Peticiones y cambios > General;SIN MAPEAR;Pendiente de revisión;;;Ya está en App móvil (posible duplicado) [app/trabajador-app/2-peticiones-y-cambios]
peticiones-y-cambios/2-3-oferta-de-turno.md;Oferta de turno;Peticiones y cambios > Vacaciones y ausencias;SIN MAPEAR;Pendiente de revisión;;;Ya está en App móvil (posible duplicado) [app/trabajador-app/2-peticiones-y-cambios]
peticiones-y-cambios/2-3-peticiones-y-cambios.md;Peticiones y cambios;Peticiones y cambios > Vacaciones y ausencias;MAPEADO;Planificación;Cambios de turnos;;trabajador/2-cuadrante/2-3-peticiones-y-cambios
peticiones-y-cambios/2-4-historial-de-peticiones.md;Historial de peticiones;Peticiones y cambios > Altas y bajas;SIN MAPEAR;Pendiente de revisión;;;Ya está en App móvil (posible duplicado) [app/trabajador-app/2-peticiones-y-cambios]
peticiones-y-cambios/2-5-historial-de-cambios.md;Historial de cambios;Peticiones y cambios > General;SIN MAPEAR;Pendiente de revisión;;;Ya está en App móvil (posible duplicado) [app/trabajador-app/2-peticiones-y-cambios]
peticiones-y-cambios/2-6-peticiones-pendientes.md;Peticiones pendientes;Peticiones y cambios > General;SIN MAPEAR;Pendiente de revisión;;;Ya está en App móvil (posible duplicado) [app/trabajador-app/2-peticiones-y-cambios]
peticiones-y-cambios/2-7-cambios-pendientes.md;Cambios pendientes;Peticiones y cambios > Altas y bajas;SIN MAPEAR;Pendiente de revisión;;;Ya está en App móvil (posible duplicado) [app/trabajador-app/2-peticiones-y-cambios]
peticiones-y-cambios/2-8-crear-nueva-oferta.md;Crear nueva oferta;Peticiones y cambios > General;SIN MAPEAR;Pendiente de revisión;;;Ya está en App móvil (posible duplicado) [app/trabajador-app/2-peticiones-y-cambios]
peticiones-y-cambios/2-9-listado-de-peticiones-pendientes.md;Listado de peticiones pendientes;Peticiones y cambios > General;MAPEADO;Gestión de RR.HH.;Registros;;rrhh/rrhh-registros
peticiones-y-cambios/27-importar-peticiones.md;Importar peticiones;Peticiones y cambios > Usuarios y perfiles;SIN MAPEAR;Pendiente de revisión;;;Categoría legacy sin regla: administrador/administrar/importar-exportar/importar [administrador/administrar/importar-exportar/importar]
peticiones-y-cambios/3-2-peticiones-pendientes.md;Peticiones pendientes;Peticiones y cambios > Fichajes;MAPEADO;Control horario;Petición de fichajes;Peticiones de fichaje pendiente;control-horario/control-de-presencia-administrador/peticiones-de-fichajes-administrador
peticiones-y-cambios/3-3-historico.md;Histórico;Peticiones y cambios > General;MAPEADO;Control horario;Petición de fichajes;Peticiones de fichajes históricas;control-horario/control-de-presencia-administrador/peticiones-de-fichajes-administrador
peticiones-y-cambios/3-clientes.md;Clientes;Peticiones y cambios > General;MAPEADO;Tareas;Tareas;;modulo-de-tareas/tareas-para-el-administrador/3-clientes
peticiones-y-cambios/6-importar-ofertas-de-horas.md;Importar ofertas de horas;Peticiones y cambios > Usuarios y perfiles;SIN MAPEAR;Pendiente de revisión;;;Categoría legacy sin regla: administrador/administrar/importar-exportar/importar [administrador/administrar/importar-exportar/importar]
peticiones-y-cambios/7-peticiones.md;Peticiones;Peticiones y cambios > Roles y permisos;MAPEADO;Planificación;Restricciones;;administrador/planificador/restricciones
peticiones-y-cambios/8-1-peticiones-de-reportes.md;Peticiones de reportes;Peticiones y cambios > Turnos y patrones;MAPEADO;Gestión de RR.HH.;Peticiones de reportes;;rrhh/peticiones-de-reportes-rrhh
peticiones-y-cambios/aceptar-o-denegar-peticiones-y-cambios.md;Aceptar o denegar peticiones y cambios;Peticiones y cambios > General;SIN MAPEAR;Pendiente de revisión;;;Ya está en App móvil (posible duplicado) [app/administrador-app]
peticiones-y-cambios/b-peticiones-pendientes.md;Peticiones Pendientes;Peticiones y cambios > Vacaciones y ausencias;MAPEADO;Planificación;Peticiones;;administrador/cuadrante/peticiones-y-cambios/a-peticiones
peticiones-y-cambios/c-cambios-pendientes.md;Cambios pendientes;Peticiones y cambios > General;MAPEADO;Planificación;Cambios de turnos;;administrador/cuadrante/peticiones-y-cambios/a-peticiones
peticiones-y-cambios/cambios-de-turno.md;Cambios de turno;Peticiones y cambios > Vacaciones y ausencias;SIN MAPEAR;Pendiente de revisión;;;Sin categoría legacy (guía editorial, prueba o sin origen conocido)
peticiones-y-cambios/d-oferta-de-turno.md;Oferta de turno;Peticiones y cambios > Usuarios y perfiles;MAPEADO;Planificación;Ofertas de turnos;;administrador/cuadrante/peticiones-y-cambios/a-peticiones
peticiones-y-cambios/e-historial-de-peticiones.md;Historial de peticiones;Peticiones y cambios > Vacaciones y ausencias;MAPEADO;Planificación;Peticiones;;administrador/cuadrante/peticiones-y-cambios/b-historico
peticiones-y-cambios/e-peticiones.md;Peticiones;Peticiones y cambios > Usuarios y perfiles;MAPEADO;Configuración de Equipos;Peticiones;;administrador/administrar/ajustes/e-peticiones
peticiones-y-cambios/f-historial-de-cambios.md;Historial de cambios;Peticiones y cambios > General;MAPEADO;Planificación;Cambios de turnos;;administrador/cuadrante/peticiones-y-cambios/b-historico
peticiones-y-cambios/lanzar-peticiones-y-cambios.md;Lanzar peticiones y cambios;Peticiones y cambios > Vacaciones y ausencias;SIN MAPEAR;Pendiente de revisión;;;Ya está en App móvil (posible duplicado) [app/administrador-app]
planificacion/1-1-menu-principal.md;Menú Principal;Planificación > Vacaciones y ausencias;SIN MAPEAR;Pendiente de revisión;;;Categoría legacy sin regla: administrador/inicio [administrador/inicio]
planificacion/1-3-inicio-2-widgets.md;Inicio 2 (Widgets);Planificación > Vacaciones y ausencias;SIN MAPEAR;Pendiente de revisión;;;Categoría legacy sin regla: administrador/inicio [administrador/inicio]
planificacion/1-3-inicio-dashboard.md;Inicio (Dashboard);Planificación > Vacaciones y ausencias;SIN MAPEAR;Pendiente de revisión;;;Categoría legacy sin regla: trabajador/1-inicio [trabajador/1-inicio]
planificacion/1-4-nivel-que-puede-cambiar-la-fecha-de-cierre-del-cuadrante.md;Nivel que puede cambiar la fecha de cierre del cuadrante;Planificación > Usuarios y perfiles;SUBNIVEL PENDIENTE;Nóminas;Pendiente de revisión;;administrador/administrar/exportacion-nominas/1-configuracion-general-exportacion-nominas
planificacion/1-6-alertas-warnings.md;Alertas (Warnings);Planificación > Vacaciones y ausencias;MAPEADO;Control horario;Diario;;control-horario/control-de-presencia-administrador/diario-administrador
planificacion/1-6-nivel-minimo-que-puede-cambiar-la-fecha-de-cierre-a-pasado.md;Nivel mínimo que puede cambiar la fecha de cierre a pasado;Planificación > Cuadrante;SUBNIVEL PENDIENTE;Nóminas;Pendiente de revisión;;administrador/administrar/exportacion-nominas/1-configuracion-general-exportacion-nominas
planificacion/1-7-periodo-nocturno.md;Periodo nocturno;Planificación > Turnos y patrones;SUBNIVEL PENDIENTE;Nóminas;Pendiente de revisión;;administrador/administrar/exportacion-nominas/1-configuracion-general-exportacion-nominas
planificacion/1-9-computar-las-horas-en-el-dia-de-inicio.md;Computar las horas en el día de inicio;Planificación > Turnos y patrones;SUBNIVEL PENDIENTE;Nóminas;Pendiente de revisión;;administrador/administrar/exportacion-nominas/1-configuracion-general-exportacion-nominas
planificacion/1-anadir-turnos-a-todos.md;Añadir turnos a todos;Planificación > Vacaciones y ausencias;MAPEADO;Planificación;Cuadrantes;Cuadrante;administrador/cuadrante/cuadrante-cuadrante/menu-de-la-planificacion-del-dia
planificacion/1-aplicar-patron.md;Aplicar patrón;Planificación > Vacaciones y ausencias;MAPEADO;Planificación;Tipos de turnos, tipos de horas y Patrones;Patrones;administrador/planificador/patrones-de-turno/acciones-patron-de-turnos
planificacion/1-datos-de-convenio.md;Datos de convenio;Planificación > Vacaciones y ausencias;MAPEADO;Configuración de Equipos;General;;administrador/administrar/ajustes/configuracion-general
planificacion/1-maestro-de-absentismos.md;Maestro de absentismos;Planificación > Vacaciones y ausencias;MAPEADO;Gestión de RR.HH.;Reportes de varios equipos;;rrhh/estadisticas-rrhh/absentismos-estadisticas-rrhh
planificacion/1-reportes-por-equipos.md;Reportes por equipos;Planificación > Vacaciones y ausencias;MAPEADO;Gestión de RR.HH.;Reportes de varios equipos;;rrhh/estadisticas-rrhh/a-reportes-por-equipos
planificacion/1-sobre-los-tipos-de-turnos-y-absentismos.md;Sobre los tipos de turnos y absentismos;Planificación > Vacaciones y ausencias;MAPEADO;Planificación;Restricciones;;administrador/planificador/restricciones
planificacion/1-variables-del-patron.md;Variables del patrón;Planificación > Vacaciones y ausencias;MAPEADO;Planificación;Tipos de turnos, tipos de horas y Patrones;Patrones;administrador/planificador/patrones-de-turno/anadir-editar-patron-de-turnos
planificacion/10-2-cierre-del-cuadrante-validacion-y-ultimo-dia-exportado-por-equipo.md;Cierre del cuadrante, validación y último día exportado (por equipo);Planificación > Altas y bajas;SUBNIVEL PENDIENTE;Nóminas;Pendiente de revisión;;administrador/administrar/exportacion-nominas/10-funciones-de-rrhh
planificacion/10-7-totalizada-por-equipo-validacion-del-cuadrante.md;Totalizada por equipo. Validación del cuadrante;Planificación > Usuarios y perfiles;SUBNIVEL PENDIENTE;Nóminas;Pendiente de revisión;;administrador/administrar/exportacion-nominas/10-funciones-de-rrhh
planificacion/10-8-listado-de-comprobacion.md;Listado de comprobación;Planificación > Vacaciones y ausencias;SUBNIVEL PENDIENTE;Nóminas;Pendiente de revisión;;administrador/administrar/exportacion-nominas/10-funciones-de-rrhh
planificacion/11-anadir-horas.md;Añadir horas;Planificación > Vacaciones y ausencias;MAPEADO;Planificación;Cuadrantes;Cuadrante;administrador/cuadrante/cuadrante-cuadrante/menu-de-la-operativa-de-turno
planificacion/11-sobre-el-cumplimiento-de-la-demanda.md;Sobre el cumplimiento de la demanda;Planificación > Vacaciones y ausencias;MAPEADO;Planificación;Restricciones;;administrador/planificador/restricciones
planificacion/12-calculo-estimado-de-horas.md;Cálculo estimado de horas;Planificación > Usuarios y perfiles;MAPEADO;Planificación;Cuadrantes;Cuadrante;administrador/cuadrante/cuadrante-cuadrante/menu-trabajador
planificacion/13-dividir-turno.md;Dividir turno;Planificación > Turnos y patrones;MAPEADO;Planificación;Cuadrantes;Cuadrante;administrador/cuadrante/cuadrante-cuadrante/menu-de-la-operativa-de-turno
planificacion/14-cambiar-turno-a-horas.md;Cambiar Turno a Horas;Planificación > Turnos y patrones;MAPEADO;Planificación;Cuadrantes;Cuadrante;administrador/cuadrante/cuadrante-cuadrante/menu-de-la-operativa-de-turno
planificacion/14-importar-dias-festivos-en-los-equipos.md;Importar días festivos en los equipos;Planificación > General;SIN MAPEAR;Pendiente de revisión;;;Categoría legacy sin regla: administrador/administrar/importar-exportar/importar [administrador/administrar/importar-exportar/importar]
planificacion/15-borrar-cuadrante.md;Borrar cuadrante;Planificación > Vacaciones y ausencias;MAPEADO;Planificación;Cuadrantes;Cuadrante;administrador/cuadrante/cuadrante-cuadrante/menu-trabajador
planificacion/15-pegar-desde-excel.md;Pegar desde Excel;Planificación > Vacaciones y ausencias;MAPEADO;Planificación;Cuadrantes;Cuadrante;administrador/cuadrante/cuadrante-cuadrante/menu-de-la-operativa-de-turno
planificacion/16-el-dia-a-dia.md;El día a día;Planificación > Cuadrante;MAPEADO;Tareas;Tareas;;modulo-de-tareas/validador-retail
planificacion/16-turnos-por-teclado.md;Turnos por teclado;Planificación > Cuadrante;MAPEADO;Planificación;Cuadrantes;Cuadrante;administrador/cuadrante/cuadrante-cuadrante/menu-de-la-operativa-de-turno
planificacion/18-cortar-dia.md;Cortar Día;Planificación > Turnos y patrones;MAPEADO;Planificación;Cuadrantes;Cuadrante;administrador/cuadrante/cuadrante-cuadrante/menu-de-la-operativa-de-turno
planificacion/19-importacion-demandas-planificacion-automatica.md;Importación demandas (Planificación automática);Planificación > Turnos y patrones;SIN MAPEAR;Pendiente de revisión;;;Categoría legacy sin regla: administrador/administrar/importar-exportar/importar [administrador/administrar/importar-exportar/importar]
planificacion/2-1-cuadrante-trabajador.md;Cuadrante Trabajador;Planificación > Vacaciones y ausencias;MAPEADO;Planificación;Cuadrantes;Cuadrante;trabajador/2-cuadrante/2-1-cuadrante
planificacion/2-1-tipos-de-turnos-y-horas.md;Tipos de turnos y horas;Planificación > Usuarios y perfiles;MAPEADO;Gestión de RR.HH.;Registros;;rrhh/rrhh-registros
planificacion/2-2-cuadrante-anual.md;Cuadrante Anual;Planificación > Vacaciones y ausencias;MAPEADO;Planificación;Cuadrantes;Anual;trabajador/2-cuadrante/2-2-cuadrante-anual
planificacion/2-2-turnos-y-horas.md;Turnos y horas;Planificación > Usuarios y perfiles;MAPEADO;Gestión de RR.HH.;Registros;;rrhh/rrhh-registros
planificacion/2-3-cuadrante-anual.md;Cuadrante Anual;Planificación > Vacaciones y ausencias;MAPEADO;Planificación;Cuadrantes;Anual;administrador/cuadrante/2-3-cuadrante-anual
planificacion/2-5-periodos-de-vacaciones.md;Periodos de vacaciones;Planificación > Vacaciones y ausencias;MAPEADO;Gestión de RR.HH.;Registros;;rrhh/rrhh-registros
planificacion/2-6-periodos-de-vacaciones-por-ano.md;Periodos de vacaciones por año;Planificación > Contratos;MAPEADO;Gestión de RR.HH.;Registros;;rrhh/rrhh-registros
planificacion/2-acciones-en-periodos-trabajador-del-patron.md;Acciones en periodos/trabajador del patrón;Planificación > Vacaciones y ausencias;MAPEADO;Planificación;Tipos de turnos, tipos de horas y Patrones;Patrones;administrador/planificador/patrones-de-turno/anadir-editar-patron-de-turnos
planificacion/2-buscar-trabajador-para-un-turno.md;Buscar trabajador para un turno;Planificación > Vacaciones y ausencias;MAPEADO;Planificación;Cuadrantes;Cuadrante;administrador/cuadrante/cuadrante-cuadrante/menu-de-la-planificacion-del-dia
planificacion/2-cargar-la-demanda.md;Cargar la demanda;Planificación > General;MAPEADO;Planificación Avanzada/Automática;Demandas;;planificacion-automatica
planificacion/2-cerrar-cuadrante.md;Cerrar cuadrante;Planificación > Usuarios y perfiles;MAPEADO;Planificación;Cuadrantes;Cuadrante;administrador/cuadrante/cuadrante-cuadrante/menu-trabajador
planificacion/2-diario.md;Diario en aTurnos;Planificación > Vacaciones y ausencias;MAPEADO;Control horario;Diario;;control-horario/control-de-presencia-trabajador/diario-detalle
planificacion/2-estadisticas-de-absentismos-totales.md;Estadísticas de absentismos totales;Planificación > General;MAPEADO;Gestión de RR.HH.;Reportes de varios equipos;;rrhh/estadisticas-rrhh/absentismos-estadisticas-rrhh
planificacion/2-importacion-turnos-al-trabajador-con-localizacion.md;Importación turnos al trabajador con localización;Planificación > Vacaciones y ausencias;SIN MAPEAR;Pendiente de revisión;;;Categoría legacy sin regla: administrador/administrar/importar-exportar/importar [administrador/administrar/importar-exportar/importar]
planificacion/2-listado-avanzado.md;Listado avanzado;Planificación > Vacaciones y ausencias;MAPEADO;Gestión de RR.HH.;Control horario de equipos;;control-horario/rrhh-control-horario/2-listado-avanzado-ch
planificacion/2-sobre-los-descansos-y-dias-planificados.md;Sobre los descansos y días planificados;Planificación > Vacaciones y ausencias;MAPEADO;Planificación;Restricciones;;administrador/planificador/restricciones
planificacion/2-vacaciones.md;Vacaciones;Planificación > Vacaciones y ausencias;MAPEADO;Configuración de Equipos;General;;administrador/administrar/ajustes/configuracion-general
planificacion/2-visualizar-patron.md;Visualizar patrón;Planificación > Vacaciones y ausencias;MAPEADO;Planificación;Tipos de turnos, tipos de horas y Patrones;Patrones;administrador/planificador/patrones-de-turno/acciones-patron-de-turnos
planificacion/20-importacion-de-demanda-por-tipo-de-turno-planificacion-automatica.md;Importación de demanda por tipo de turno (Planificación automática);Planificación > Turnos y patrones;SIN MAPEAR;Pendiente de revisión;;;Categoría legacy sin regla: administrador/administrar/importar-exportar/importar [administrador/administrar/importar-exportar/importar]
planificacion/23-importar-trabajadores-y-o-planificacion-planificacion-con-patrones.md;Importar trabajadores y/o planificación: planificación con patrones;Planificación > Vacaciones y ausencias;SIN MAPEAR;Pendiente de revisión;;;Categoría legacy sin regla: administrador/administrar/importar-exportar/importar [administrador/administrar/importar-exportar/importar]
planificacion/25-importar-planificacion-con-turnos-absentismos-vacaciones-y-o-localizaciones.md;Importar planificación con turnos, absentismos, vacaciones y/o localizaciones;Planificación > Vacaciones y ausencias;SIN MAPEAR;Pendiente de revisión;;;Categoría legacy sin regla: administrador/administrar/importar-exportar/importar [administrador/administrar/importar-exportar/importar]
planificacion/3-1-acciones.md;Acciones;Planificación > Vacaciones y ausencias;MAPEADO;Registros;De acciones;;trabajador/3-registro/3-1-acciones
planificacion/3-1-maestro-de-absentismos.md;Maestro de absentismos;Planificación > Altas y bajas;MAPEADO;Gestión de RR.HH.;Reportes de varios equipos;;rrhh/estadisticas-rrhh
planificacion/3-2-debe-haber-turnos.md;Debe/Haber turnos;Planificación > Vacaciones y ausencias;MAPEADO;Registros;Cambios de turnos a deber;;trabajador/3-registro/3-2-debe-haber-turnos
planificacion/3-3-absentismos.md;Absentismos;Planificación > General;MAPEADO;Gestión de RR.HH.;Reportes de varios equipos;;rrhh/estadisticas-rrhh
planificacion/3-3-calculadora.md;Calculadora;Planificación > Vacaciones y ausencias;MAPEADO;Planificación Avanzada/Automática;Calculadora de patrones y demandas de turnos;;administrador/planificador/calculadora
planificacion/3-3-informe-y-ratios-de-absentimos.md;Informe y ratios de absentimos;Planificación > Altas y bajas;MAPEADO;Gestión de RR.HH.;Reportes de varios equipos;;rrhh/estadisticas-rrhh
planificacion/3-anadir-horas.md;Añadir horas;Planificación > Vacaciones y ausencias;MAPEADO;Planificación;Cuadrantes;Cuadrante;administrador/cuadrante/cuadrante-cuadrante/menu-de-la-planificacion-del-dia
planificacion/3-anadir-periodo-de-trabajadores-al-patron.md;Añadir periodo de trabajadores al patrón;Planificación > Vacaciones y ausencias;MAPEADO;Planificación;Tipos de turnos, tipos de horas y Patrones;Patrones;administrador/planificador/patrones-de-turno/anadir-editar-patron-de-turnos
planificacion/3-calculo-de-jornadas.md;Cálculo de jornadas;Planificación > Vacaciones y ausencias;MAPEADO;Configuración de Equipos;General;;administrador/administrar/ajustes/configuracion-general
planificacion/3-detalle.md;Detalle en aTurnos;Planificación > Vacaciones y ausencias;MAPEADO;Control horario;Detalle del control horario;;control-horario/control-de-presencia-trabajador/trabajador-detalle-por-trabajador
planificacion/3-editar-patron.md;Editar patrón;Planificación > Vacaciones y ausencias;MAPEADO;Planificación;Tipos de turnos, tipos de horas y Patrones;Patrones;administrador/planificador/patrones-de-turno/acciones-patron-de-turnos
planificacion/3-estadisticas-de-absentismos-temporales.md;Estadísticas de absentismos temporales;Planificación > General;MAPEADO;Gestión de RR.HH.;Reportes de varios equipos;;rrhh/estadisticas-rrhh/absentismos-estadisticas-rrhh
planificacion/3-extender-planificacion.md;Extender planificación;Planificación > Vacaciones y ausencias;MAPEADO;Planificación;Cuadrantes;Cuadrante;administrador/cuadrante/cuadrante-cuadrante/menu-trabajador
planificacion/3-funciones-de-los-puestos-polivalentes.md;Funciones de los puestos: polivalentes;Planificación > Turnos y patrones;MAPEADO;Tareas;Tareas;;modulo-de-tareas/validador-retail
planificacion/3-sobre-los-fines-de-semana.md;Sobre los fines de semana;Planificación > Vacaciones y ausencias;MAPEADO;Planificación;Restricciones;;administrador/planificador/restricciones
planificacion/4-1-computadas-vs-presenciales.md;Computadas VS Presenciales;Planificación > Vacaciones y ausencias;MAPEADO;Control horario;Informes del control horario;;control-horario/control-de-presencia-administrador/estadisticas-control-de-presencia
planificacion/4-1-turnos.md;Turnos en aTurnos;Planificación > Vacaciones y ausencias;MAPEADO;Reportes estadísticos;Por defecto;;trabajador/4-estadisticas
planificacion/4-2-comentarios.md;Comentarios;Planificación > Vacaciones y ausencias;MAPEADO;Registros;De comentarios;;administrador/registro/registro-comentarios
planificacion/4-2-horas.md;Horas en aTurnos;Planificación > Vacaciones y ausencias;MAPEADO;Reportes estadísticos;Por defecto;;trabajador/4-estadisticas
planificacion/4-3-estado-del-acumulado-del-empleado.md;Estado del acumulado del empleado;Planificación > Vacaciones y ausencias;MAPEADO;Control horario;Informes del control horario;;control-horario/control-de-presencia-administrador/estadisticas-control-de-presencia
planificacion/4-3-turnos-y-horas.md;Turnos y Horas;Planificación > Usuarios y perfiles;MAPEADO;Registros;De turnos y horas;;administrador/registro/turnos-y-horas
planificacion/4-4-horas-dias-semana.md;Horas/días semana;Planificación > Vacaciones y ausencias;MAPEADO;Reportes estadísticos;Por defecto;;trabajador/4-estadisticas
planificacion/4-5-periodos-de-vacaciones.md;Periodos de vacaciones;Planificación > Contratos;MAPEADO;Registros;Periodos de vacaciones;;administrador/registro/registro-periodo-de-vacaciones
planificacion/4-6-absentismos.md;Absentismos;Planificación > Vacaciones y ausencias;MAPEADO;Reportes estadísticos;Por defecto;;trabajador/4-estadisticas
planificacion/4-7-vacaciones.md;Vacaciones;Planificación > Vacaciones y ausencias;MAPEADO;Reportes estadísticos;Por defecto;;trabajador/4-estadisticas
planificacion/4-8-jornadas.md;Jornadas;Planificación > Vacaciones y ausencias;MAPEADO;Reportes estadísticos;Por defecto;;trabajador/4-estadisticas
planificacion/4-anadir-patron.md;Añadir patrón;Planificación > Vacaciones y ausencias;MAPEADO;Planificación;Cuadrantes;Cuadrante;administrador/cuadrante/cuadrante-cuadrante/menu-de-la-operativa-de-turno
planificacion/4-borrar-patron.md;Borrar patrón;Planificación > Cuadrante;MAPEADO;Planificación;Tipos de turnos, tipos de horas y Patrones;Patrones;administrador/planificador/patrones-de-turno/acciones-patron-de-turnos
planificacion/4-cuadro-de-mando-operaciones-planificacion-de-personal.md;Cuadro de mando: Operaciones planificación de personal;Planificación > Vacaciones y ausencias;MAPEADO;Planificación Avanzada/Automática;Asistente de planificación automática;;planificacion-automatica
planificacion/4-estadisticas-del-trabajador.md;Estadísticas del trabajador;Planificación > Vacaciones y ausencias;MAPEADO;Trabajadores;Listado;;administrador/trabajadores/listado-de-trabajadores/editar-perfil-de-trabajador
planificacion/4-incremento-de-la-jornada-laboral.md;Incremento de la jornada laboral;Planificación > Vacaciones y ausencias;MAPEADO;Planificación;Cuadrantes;Cuadrante;administrador/cuadrante/cuadrante-cuadrante/menu-de-la-planificacion-del-dia
planificacion/4-insertar-periodos-de-absentismos-totales-y-temporales.md;Insertar periodos de absentismos totales y temporales;Planificación > Altas y bajas;SIN MAPEAR;Pendiente de revisión;;;Categoría legacy sin regla: administrador/administrar/importar-exportar/importar [administrador/administrar/importar-exportar/importar]
planificacion/4-planificacion.md;Planificación;Planificación > Turnos y patrones;MAPEADO;Tareas;Tareas;;modulo-de-tareas/validador-retail
planificacion/4-recuperar-ultima-planificacion.md;Recuperar última planificación;Planificación > Vacaciones y ausencias;MAPEADO;Planificación;Cuadrantes;Cuadrante;administrador/cuadrante/cuadrante-cuadrante/menu-trabajador
planificacion/4-resumen-estadisticas-de-absentismos.md;Resumen estadísticas de absentismos;Planificación > General;MAPEADO;Gestión de RR.HH.;Reportes de varios equipos;;rrhh/estadisticas-rrhh/absentismos-estadisticas-rrhh
planificacion/4-secuencia-de-patron.md;Secuencia de patrón;Planificación > Turnos y patrones;MAPEADO;Planificación;Tipos de turnos, tipos de horas y Patrones;Patrones;administrador/planificador/patrones-de-turno/anadir-editar-patron-de-turnos
planificacion/4-sobre-vacaciones-festivos-y-bolsas-de-horas.md;Sobre vacaciones, festivos y bolsas de horas;Planificación > Contratos;MAPEADO;Planificación;Restricciones;;administrador/planificador/restricciones
planificacion/4-tiempos.md;Tiempos en aTurnos;Planificación > Vacaciones y ausencias;MAPEADO;Trabajadores;Listado;;administrador/trabajadores/listado-de-trabajadores/editar-perfil-de-trabajador/1-general-perfil-del-trabajador
planificacion/5-2-tablas-de-cobertura.md;Tablas de cobertura;Planificación > Turnos y patrones;MAPEADO;Gestión de RR.HH.;Planificación de equipos;;rrhh/rrhh-planificacion/rrhh-tabla-de-cobertura
planificacion/5-absentismo-temporal.md;Absentismo temporal;Planificación > Vacaciones y ausencias;MAPEADO;Planificación;Cuadrantes;Cuadrante;administrador/cuadrante/cuadrante-cuadrante/menu-de-la-planificacion-del-dia
planificacion/5-ajuste-de-coeficientes-en-nocturnidad-y-festivos.md;Ajuste de coeficientes en nocturnidad y festivos;Planificación > Vacaciones y ausencias;MAPEADO;Configuración de Equipos;General;;administrador/administrar/ajustes/configuracion-general
planificacion/5-anadir-turnos.md;Añadir turnos;Planificación > Cuadrante;MAPEADO;Planificación;Cuadrantes;Cuadrante;administrador/cuadrante/cuadrante-cuadrante/menu-de-la-operativa-de-turno
planificacion/5-calculo-estimado-de-horas.md;Cálculo estimado de horas;Planificación > Vacaciones y ausencias;MAPEADO;Trabajadores;Listado;;administrador/trabajadores/listado-de-trabajadores/editar-perfil-de-trabajador/1-general-perfil-del-trabajador
planificacion/5-creacion-de-los-patrones-de-trabajo.md;Creación de los patrones de trabajo;Planificación > Turnos y patrones;MAPEADO;Tareas;Tareas;;modulo-de-tareas/validador-retail
planificacion/5-importar-ofertas-de-turnos.md;Importar ofertas de turnos;Planificación > Usuarios y perfiles;SIN MAPEAR;Pendiente de revisión;;;Categoría legacy sin regla: administrador/administrar/importar-exportar/importar [administrador/administrar/importar-exportar/importar]
planificacion/5-listado-de-absentismos-temporales.md;Listado de absentismos temporales;Planificación > General;MAPEADO;Gestión de RR.HH.;Reportes de varios equipos;;rrhh/estadisticas-rrhh/absentismos-estadisticas-rrhh
planificacion/5-planificacion-automatica.md;Planificación Automática;Planificación > Vacaciones y ausencias;MAPEADO;Planificación Avanzada/Automática;Asistente de planificación automática;;planificacion-automatica
planificacion/5-reemplazar-turnos.md;Reemplazar turnos;Planificación > Vacaciones y ausencias;MAPEADO;Planificación;Cuadrantes;Cuadrante;administrador/cuadrante/cuadrante-cuadrante/menu-trabajador
planificacion/5-restricciones-trabajador.md;Restricciones trabajador;Planificación > Vacaciones y ausencias;MAPEADO;Trabajadores;Listado;;administrador/trabajadores/listado-de-trabajadores/editar-perfil-de-trabajador
planificacion/5-sobre-la-tabla-clic-y-arrastrar.md;Sobre la tabla, clic y arrastrar;Planificación > Turnos y patrones;MAPEADO;Planificación;Tipos de turnos, tipos de horas y Patrones;Patrones;administrador/planificador/patrones-de-turno/anadir-editar-patron-de-turnos
planificacion/6-2-cierre-por-equipos.md;Cierre por equipos;Planificación > Vacaciones y ausencias;SUBNIVEL PENDIENTE;Nóminas;Pendiente de revisión;;rrhh/nominas-rrhh
planificacion/6-ajuste-de-absentismos.md;Ajuste de absentismos;Planificación > Contratos;MAPEADO;Configuración de Equipos;General;;administrador/administrar/ajustes/configuracion-general
planificacion/6-asignar-patrones-a-los-puestos-de-trabajo.md;Asignar patrones a los puestos de trabajo;Planificación > Vacaciones y ausencias;MAPEADO;Tareas;Tareas;;modulo-de-tareas/validador-retail
planificacion/6-copiar-pegar-dia.md;Copiar / Pegar día;Planificación > Cuadrante;MAPEADO;Planificación;Cuadrantes;Cuadrante;administrador/cuadrante/cuadrante-cuadrante/menu-de-la-planificacion-del-dia
planificacion/6-informes-y-ratios-de-absentismos.md;Informes y ratios de absentismos;Planificación > General;MAPEADO;Gestión de RR.HH.;Reportes de varios equipos;;rrhh/estadisticas-rrhh/absentismos-estadisticas-rrhh
planificacion/6-modificar-turnos.md;Modificar turnos;Planificación > Turnos y patrones;MAPEADO;Planificación;Cuadrantes;Cuadrante;administrador/cuadrante/cuadrante-cuadrante/menu-de-la-operativa-de-turno
planificacion/6-periodos-de-absentismos.md;Periodos de absentismos;Planificación > Vacaciones y ausencias;MAPEADO;Trabajadores;Listado;;administrador/trabajadores/listado-de-trabajadores/editar-perfil-de-trabajador
planificacion/6-sobre-la-tabla-al-hacer-clic-en-casilla.md;Sobre la tabla, al hacer clic en casilla;Planificación > Turnos y patrones;MAPEADO;Planificación;Tipos de turnos, tipos de horas y Patrones;Patrones;administrador/planificador/patrones-de-turno/anadir-editar-patron-de-turnos
planificacion/6-tabla-de-cobertura.md;Tabla de cobertura;Planificación > Vacaciones y ausencias;MAPEADO;Planificación Avanzada/Automática;Tabla de cobertura;;administrador/cuadrante/cuadrante-cuadrante/tabla-de-cobertura
planificacion/7-2-festivos.md;Festivos;Planificación > Usuarios y perfiles;SIN MAPEAR;Pendiente de revisión;;;Categoría legacy sin regla: administrador/administrar/festivos [administrador/administrar/festivos]
planificacion/7-3-bolsas.md;Bolsas en aTurnos;Planificación > Vacaciones y ausencias;SIN MAPEAR;Pendiente de revisión;;;Categoría legacy sin regla: administrador/administrar/bolsas [administrador/administrar/bolsas]
planificacion/7-5-migrar-balance-de-horas-y-vacaciones.md;Migrar balance de horas y vacaciones;Planificación > Contratos;MAPEADO;Gestión de RR.HH.;Acciones y modificaciones de datos en bloque;;rrhh/acciones-rrhh
planificacion/7-6-recuperar-planificacion.md;Recuperar planificación;Planificación > Vacaciones y ausencias;MAPEADO;Gestión de RR.HH.;Acciones y modificaciones de datos en bloque;;rrhh/acciones-rrhh
planificacion/7-anade-absentismos.md;Añade absentismos;Planificación > Vacaciones y ausencias;MAPEADO;Planificación;Cuadrantes;Cuadrante;administrador/cuadrante/cuadrante-cuadrante/menu-de-la-operativa-de-turno
planificacion/7-copiar-y-pegar-cuadrante.md;Copiar y pegar cuadrante;Planificación > Vacaciones y ausencias;MAPEADO;Planificación;Cuadrantes;Cuadrante;administrador/cuadrante/cuadrante-cuadrante/menu-trabajador
planificacion/7-crear-tipos-de-turnos.md;Crear tipos de turnos;Planificación > Vacaciones y ausencias;SIN MAPEAR;Pendiente de revisión;;;Categoría legacy sin regla: administrador/administrar/importar-exportar/importar [administrador/administrar/importar-exportar/importar]
planificacion/7-datos-de-planificacion.md;Datos de planificación;Planificación > Vacaciones y ausencias;MAPEADO;Trabajadores;Listado;;administrador/trabajadores/listado-de-trabajadores/editar-perfil-de-trabajador/1-general-perfil-del-trabajador
planificacion/7-panel-de-herramientas.md;Panel de herramientas;Planificación > Turnos y patrones;MAPEADO;Planificación;Tipos de turnos, tipos de horas y Patrones;Patrones;administrador/planificador/patrones-de-turno/anadir-editar-patron-de-turnos
planificacion/8-auto-ofertar-horas.md;Auto-ofertar horas;Planificación > Vacaciones y ausencias;MAPEADO;Planificación Avanzada/Automática;Asistente de planificación automática;;planificacion-automatica
planificacion/8-borrar-el-dia-para-todos-los-visibles.md;Borrar el día para todos los visibles;Planificación > Vacaciones y ausencias;MAPEADO;Planificación;Cuadrantes;Cuadrante;administrador/cuadrante/cuadrante-cuadrante/menu-de-la-planificacion-del-dia
planificacion/8-cambios.md;Cambios en aTurnos;Planificación > Vacaciones y ausencias;MAPEADO;Planificación;Restricciones;;administrador/planificador/restricciones
planificacion/8-crear-patrones-de-turnos.md;Crear patrones de turnos;Planificación > Vacaciones y ausencias;SIN MAPEAR;Pendiente de revisión;;;Categoría legacy sin regla: administrador/administrar/importar-exportar/importar [administrador/administrar/importar-exportar/importar]
planificacion/8-enviar-cuadrante-por-email.md;Enviar cuadrante por Email;Planificación > Vacaciones y ausencias;MAPEADO;Planificación;Cuadrantes;Cuadrante;administrador/cuadrante/cuadrante-cuadrante/menu-trabajador
planificacion/8-esta-todo-configurado.md;¿Está todo configurado?;Planificación > Vacaciones y ausencias;MAPEADO;Tareas;Tareas;;modulo-de-tareas/validador-retail
planificacion/8-localizacion-turno.md;Localización turno;Planificación > Vacaciones y ausencias;MAPEADO;Planificación;Cuadrantes;Cuadrante;administrador/cuadrante/cuadrante-cuadrante/menu-de-la-operativa-de-turno
planificacion/8-tabla-de-cobertura-de-patron.md;Tabla de cobertura de patrón;Planificación > Vacaciones y ausencias;MAPEADO;Planificación;Tipos de turnos, tipos de horas y Patrones;Patrones;administrador/planificador/patrones-de-turno/anadir-editar-patron-de-turnos
planificacion/9-borrar.md;Borrar en aTurnos;Planificación > Turnos y patrones;MAPEADO;Planificación;Cuadrantes;Cuadrante;administrador/cuadrante/cuadrante-cuadrante/menu-de-la-operativa-de-turno
planificacion/9-cuadrante-anual.md;Cuadrante anual;Planificación > Vacaciones y ausencias;MAPEADO;Planificación;Cuadrantes;Cuadrante;administrador/cuadrante/cuadrante-cuadrante/menu-trabajador
planificacion/9-horas-en-los-equipos.md;Horas en los equipos;Planificación > Vacaciones y ausencias;MAPEADO;Trabajadores;Listado;;administrador/trabajadores/listado-de-trabajadores/editar-perfil-de-trabajador
planificacion/9-planificabilidad-disponibilidad.md;Planificabilidad & Disponibilidad;Planificación > Contratos;MAPEADO;Planificación Avanzada/Automática;Asistente de planificación automática;;planificacion-automatica
planificacion/a-accion-de-intercambio.md;Acción de intercambio;Planificación > Vacaciones y ausencias;MAPEADO;Trabajadores;Sustituciones;;administrador/trabajadores/sustituciones
planificacion/a-barra-superior-del-cuadrante.md;Barra superior del cuadrante;Planificación > Vacaciones y ausencias;MAPEADO;Planificación;Cuadrantes;Cuadrante;trabajador/2-cuadrante/2-1-cuadrante/a-barra-superior-del-cuadrante
planificacion/a-exportar-patrones-de-turno.md;Exportar patrones de turno;Planificación > Turnos y patrones;MAPEADO;Planificación;Tipos de turnos, tipos de horas y Patrones;Patrones;administrador/planificador/patrones-de-turno/exportar-patrones-de-turnos
planificacion/a-nueva-peticion.md;Nueva petición;Planificación > Vacaciones y ausencias;MAPEADO;Planificación;Peticiones;;administrador/cuadrante/peticiones-y-cambios/a-peticiones
planificacion/a-opciones-cuadrante.md;Opciones cuadrante;Planificación > Vacaciones y ausencias;MAPEADO;Planificación;Cuadrantes;Cuadrante;administrador/cuadrante/cuadrante-cuadrante/opciones-cuadrante
planificacion/a-temporales.md;Temporales;Planificación > Vacaciones y ausencias;MAPEADO;Registros;De Absentismos;;administrador/registro/absentismos
planificacion/a-turnos-2.md;Turnos en aTurnos;Planificación > Vacaciones y ausencias;MAPEADO;Reportes estadísticos;Por defecto;;administrador/estadisticas/estadisticas-por-defecto
planificacion/a-turnos.md;Turnos en aTurnos;Planificación > Vacaciones y ausencias;MAPEADO;Planificación;Tipos de turnos, tipos de horas y Patrones;Tipos de turno;administrador/planificador/tipos-de-turno
planificacion/aturnos-manual.md;aTurnos Manual;Planificación > Turnos y patrones;SIN MAPEAR;Pendiente de revisión;;;Sin categoría legacy (guía editorial, prueba o sin origen conocido)
planificacion/b-absentismos.md;Absentismos;Planificación > Roles y permisos;MAPEADO;Planificación;Tipos de turnos, tipos de horas y Patrones;Tipos de turno;administrador/planificador/tipos-de-turno
planificacion/b-accion-de-copiar-turnos.md;Acción de copiar turnos;Planificación > Vacaciones y ausencias;MAPEADO;Trabajadores;Sustituciones;;administrador/trabajadores/sustituciones
planificacion/b-barra-superior-del-cuadrante.md;Barra superior del cuadrante;Planificación > Vacaciones y ausencias;MAPEADO;Planificación;Cuadrantes;Cuadrante;administrador/cuadrante/cuadrante-cuadrante/barra-superior-del-cuadrante  (⚠ varias categorías: revisar)
planificacion/b-horas.md;Horas en aTurnos;Planificación > Vacaciones y ausencias;MAPEADO;Reportes estadísticos;Por defecto;;administrador/estadisticas/estadisticas-por-defecto
planificacion/b-info.md;info en aTurnos;Planificación > Vacaciones y ausencias;MAPEADO;Planificación;Cuadrantes;Cuadrante;administrador/cuadrante/cuadrante-cuadrante/menu-de-la-operativa-de-turno
planificacion/b-menu-de-acciones.md;Menú de acciones;Planificación > Vacaciones y ausencias;MAPEADO;Planificación;Cuadrantes;Por localización;administrador/cuadrante/cuadrante-por-localizaciones
planificacion/b-operativa-diaria-del-cuadrante.md;Operativa diaria del cuadrante;Planificación > Vacaciones y ausencias;MAPEADO;Planificación;Cuadrantes;Cuadrante;trabajador/2-cuadrante/2-1-cuadrante/b-operativa-diaria-del-cuadrante
planificacion/b-totales.md;Totales en aTurnos;Planificación > Vacaciones y ausencias;MAPEADO;Registros;De Absentismos;;administrador/registro/absentismos
planificacion/barra-superior-del-cuadrante.md;Barra superior del cuadrante;Planificación > General;SIN MAPEAR;Pendiente de revisión;;;Sin categoría legacy (guía editorial, prueba o sin origen conocido)
planificacion/c-accion-de-mover-turnos.md;Acción de mover turnos;Planificación > Vacaciones y ausencias;MAPEADO;Trabajadores;Sustituciones;;administrador/trabajadores/sustituciones
planificacion/c-exportar.md;Exportar;Planificación > Vacaciones y ausencias;SIN MAPEAR;Pendiente de revisión;;;Categoría legacy sin regla: administrador/administrar/importar-exportar/exportar [administrador/administrar/importar-exportar/exportar]
planificacion/c-festivos-nocturnidad.md;Festivos & Nocturnidad;Planificación > General;MAPEADO;Reportes estadísticos;Por defecto;;administrador/estadisticas/estadisticas-por-defecto
planificacion/c-jornadas-partidas.md;Jornadas partidas;Planificación > Vacaciones y ausencias;MAPEADO;Planificación;Tipos de turnos, tipos de horas y Patrones;Tipos de turno;administrador/planificador/tipos-de-turno
planificacion/c-privacidad.md;Privacidad;Planificación > Vacaciones y ausencias;MAPEADO;Configuración de Equipos;Privacidad;;administrador/administrar/ajustes/privacidad
planificacion/como-empezar-en-aturnos.md;Cómo empezar en aTurnos;Planificación > Vacaciones y ausencias;SIN MAPEAR;Pendiente de revisión;;;Sin categoría legacy (guía editorial, prueba o sin origen conocido)
planificacion/como-puedo-ver-el-cuadrante-de-mis-companeros.md;¿Cómo puedo ver el cuadrante de mis compañeros?;Planificación > Vacaciones y ausencias;SIN MAPEAR;Pendiente de revisión;;;Ya está en App móvil (posible duplicado) [app/preguntas-frecuentes]
planificacion/concepto-tipo-1-1-conceptos-relacionados-con-los-turnos.md;Concepto tipo 1.1: Conceptos relacionados con los turnos;Planificación > Vacaciones y ausencias;MAPEADO;Nóminas;Conceptos de nóminas;;administrador/administrar/exportacion-nominas/conceptos-de-nomina/conceptos-comunes-de-nomina
planificacion/conceptos-tipo-1-2-conceptos-asociados-a-horas.md;Conceptos tipo 1.2: Conceptos asociados a horas;Planificación > Vacaciones y ausencias;MAPEADO;Nóminas;Conceptos de nóminas;;administrador/administrar/exportacion-nominas/conceptos-de-nomina/conceptos-comunes-de-nomina
planificacion/conceptos-tipo-1-4-conceptos-asociados-a-las-jornadas.md;Conceptos tipo 1.4: Conceptos asociados a las jornadas;Planificación > Vacaciones y ausencias;MAPEADO;Nóminas;Conceptos de nóminas;;administrador/administrar/exportacion-nominas/conceptos-de-nomina/conceptos-comunes-de-nomina
planificacion/conceptos-tipo-2-horas-computadas-del-tipo-de-turno-seleccionado.md;Conceptos tipo 2: Horas computadas del tipo de turno seleccionado;Planificación > Roles y permisos;MAPEADO;Nóminas;Conceptos de nóminas;;administrador/administrar/exportacion-nominas/conceptos-de-nomina/conceptos-comunes-de-nomina
planificacion/conceptos-tipo-3-horas-planificadas-del-tipo-de-turno-seleccionado.md;Conceptos tipo 3: Horas planificadas del tipo de turno seleccionado;Planificación > General;MAPEADO;Nóminas;Conceptos de nóminas;;administrador/administrar/exportacion-nominas/conceptos-de-nomina/conceptos-comunes-de-nomina
planificacion/conceptos-tipo-4-conceptos-asociados-a-los-tipos-de-turnos.md;Conceptos tipo 4: Conceptos asociados a los tipos de turnos;Planificación > Roles y permisos;MAPEADO;Nóminas;Conceptos de nóminas;;administrador/administrar/exportacion-nominas/conceptos-de-nomina/conceptos-comunes-de-nomina
planificacion/conceptos-tipo-9-conceptos-asociados-a-las-jornadas-partidas.md;Conceptos tipo 9: Conceptos asociados a las jornadas partidas;Planificación > Altas y bajas;MAPEADO;Nóminas;Conceptos de nóminas;;mas-conceptos-comunes-de-nomina
planificacion/crear-y-editar-turnos-y-absentismos.md;Crear y editar turnos y absentismos;Planificación > Turnos y patrones;SIN MAPEAR;Pendiente de revisión;;;Ya está en App móvil (posible duplicado) [app/administrador-app]
planificacion/cuadrante-2.md;Cuadrante;Planificación > General;SIN MAPEAR;Pendiente de revisión;;;Sin categoría legacy (guía editorial, prueba o sin origen conocido)
planificacion/cuadrante.md;Cuadrante;Planificación > Vacaciones y ausencias;SIN MAPEAR;Pendiente de revisión;;;Ya está en App móvil (posible duplicado) [app/trabajador-app/3-cuadrante]
planificacion/e-franjas-horarias.md;Franjas horarias;Planificación > Vacaciones y ausencias;MAPEADO;Planificación;Tipos de turnos, tipos de horas y Patrones;Tipos de turno;administrador/planificador/tipos-de-turno
planificacion/estadisticas.md;Estadísticas;Planificación > Cuadrante;SIN MAPEAR;Pendiente de revisión;;;Ya está en App móvil (posible duplicado) [app/trabajador-app/5-estadisticas]
planificacion/f-absentismos.md;Absentismos;Planificación > Vacaciones y ausencias;MAPEADO;Reportes estadísticos;Por defecto;;administrador/estadisticas/estadisticas-por-defecto
planificacion/f-exportar-y-cambiar-orden.md;Exportar y cambiar orden;Planificación > Turnos y patrones;MAPEADO;Planificación;Tipos de turnos, tipos de horas y Patrones;Tipos de turno;administrador/planificador/tipos-de-turno
planificacion/f-tabla-de-cobertura.md;Tabla de Cobertura;Planificación > Cuadrante;MAPEADO;Planificación Avanzada/Automática;Tabla de cobertura;;administrador/cuadrante/cuadrante-cuadrante/tabla-de-cobertura
planificacion/funciones-principales.md;Funciones principales;Planificación > Turnos y patrones;SIN MAPEAR;Pendiente de revisión;;;Ya está en App móvil (posible duplicado) [app]
planificacion/g-historial-de-ofertas.md;Historial de ofertas;Planificación > Turnos y patrones;MAPEADO;Planificación;Ofertas de turnos;;administrador/cuadrante/peticiones-y-cambios/b-historico
planificacion/g-vacaciones.md;Vacaciones;Planificación > Contratos;MAPEADO;Reportes estadísticos;Por defecto;;administrador/estadisticas/estadisticas-por-defecto
planificacion/guia-de-tui.md;Guía de TUI;Planificación > Turnos y patrones;SIN MAPEAR;Pendiente de revisión;;;Sin categoría legacy (guía editorial, prueba o sin origen conocido)
planificacion/h-jornadas.md;Jornadas;Planificación > Vacaciones y ausencias;MAPEADO;Reportes estadísticos;Por defecto;;administrador/estadisticas/estadisticas-por-defecto
planificacion/h-notificaciones.md;Notificaciones;Planificación > Vacaciones y ausencias;MAPEADO;Configuración de Equipos;Notificaciones;;administrador/administrar/ajustes/notificaciones
planificacion/revisar-cuadrante-y-anadir-modificar-eliminar-turnos.md;Revisar cuadrante y añadir/modificar/eliminar turnos;Planificación > Vacaciones y ausencias;SIN MAPEAR;Pendiente de revisión;;;Ya está en App móvil (posible duplicado) [app/administrador-app]
planificacion/sanidad.md;Sanidad en aTurnos;Planificación > Turnos y patrones;SIN MAPEAR;Pendiente de revisión;;;Sin categoría legacy (guía editorial, prueba o sin origen conocido)
planificacion/turnos.md;Turnos en aTurnos;Planificación > General;SIN MAPEAR;Pendiente de revisión;;;Sin categoría legacy (guía editorial, prueba o sin origen conocido)
pruebas/elemento-de-pruebas.md;Elemento de pruebas;Pruebas > General;MAPEADO;Nóminas;Conceptos de nóminas;;administrador/administrar/exportacion-nominas/conceptos-de-nomina/2-3-conceptos-de-comparacion
recursos-y-partes/12-modificar-horas.md;Modificar horas;Recursos y partes > General;MAPEADO;Planificación;Cuadrantes;Cuadrante;administrador/cuadrante/cuadrante-cuadrante/menu-de-la-operativa-de-turno
recursos-y-partes/13-alertas-por-localizacion.md;Alertas por localización;Recursos y partes > General;MAPEADO;Gestión de RR.HH.;Control horario de equipos;;control-horario/rrhh-control-horario/9-control-legal
recursos-y-partes/13-crear-localizaciones-y-localizaciones-padres.md;Crear localizaciones y localizaciones padres;Recursos y partes > General;SIN MAPEAR;Pendiente de revisión;;;Categoría legacy sin regla: administrador/administrar/importar-exportar/importar [administrador/administrar/importar-exportar/importar]
recursos-y-partes/13-modifica-las-localizaciones.md;Modifica las localizaciones;Recursos y partes > Vacaciones y ausencias;MAPEADO;Planificación;Cuadrantes;Cuadrante;administrador/cuadrante/cuadrante-cuadrante/menu-trabajador
recursos-y-partes/14-localizacion-por-defecto.md;Localización por defecto;Recursos y partes > Vacaciones y ausencias;MAPEADO;Planificación;Cuadrantes;Cuadrante;administrador/cuadrante/cuadrante-cuadrante/menu-trabajador
recursos-y-partes/18-importacion-recursos.md;Importación recursos;Recursos y partes > General;SIN MAPEAR;Pendiente de revisión;;;Categoría legacy sin regla: administrador/administrar/importar-exportar/importar [administrador/administrar/importar-exportar/importar]
recursos-y-partes/2-3-conceptos-comparacion.md;Conceptos comparación;Recursos y partes > General;MAPEADO;Nóminas;Conceptos de nóminas;;administrador/administrar/exportacion-nominas/conceptos-de-nomina/2-3-conceptos-de-comparacion
recursos-y-partes/4-5-localizaciones.md;Localizaciones;Recursos y partes > General;MAPEADO;Reportes estadísticos;Por defecto;;trabajador/4-estadisticas
recursos-y-partes/4-8-alertas-por-localizacion.md;Alertas por localización;Recursos y partes > General;MAPEADO;Control horario;Informes del control horario;;control-horario/control-de-presencia-administrador/estadisticas-control-de-presencia
recursos-y-partes/5-1-cuadrante-por-localizaciones.md;Cuadrante por localizaciones;Recursos y partes > Usuarios y perfiles;MAPEADO;Gestión de RR.HH.;Planificación de equipos;;rrhh/rrhh-planificacion/cuadrante-por-localizaciones-rrhh
recursos-y-partes/6-2-reporte-de-localizaciones.md;Reporte de localizaciones;Recursos y partes > Usuarios y perfiles;MAPEADO;Reportes estadísticos;Por defecto;;administrador/estadisticas
recursos-y-partes/6-5-tootilp-del-trabajador.md;Tootilp del trabajador;Recursos y partes > General;MAPEADO;Reportes estadísticos;Por defecto;;administrador/estadisticas
recursos-y-partes/7-6-localizaciones.md;Localizaciones;Recursos y partes > Contratos;MAPEADO;Planificación Avanzada/Automática;Tabla de cobertura;;administrador/cuadrante/cuadrante-cuadrante/tabla-de-cobertura
recursos-y-partes/7-modifica-las-localizaciones.md;Modifica las localizaciones;Recursos y partes > Altas y bajas;MAPEADO;Planificación;Cuadrantes;Cuadrante;administrador/cuadrante/cuadrante-cuadrante/menu-de-la-planificacion-del-dia
recursos-y-partes/9-sobre-las-localizaciones.md;Sobre las localizaciones;Recursos y partes > Vacaciones y ausencias;MAPEADO;Planificación;Restricciones;;administrador/planificador/restricciones
recursos-y-partes/a-cuadrante-por-localizaciones.md;Cuadrante por localizaciones;Recursos y partes > Vacaciones y ausencias;MAPEADO;Planificación;Cuadrantes;Por localización;administrador/cuadrante/cuadrante-por-localizaciones
recursos-y-partes/como-crear-un-parte-de-trabajo.md;¿Cómo crear un parte de trabajo?;Recursos y partes > Usuarios y perfiles;SIN MAPEAR;Pendiente de revisión;;;Recursos y partes: no está en tu mapa [modulo-recursos/administradores-recursos]
recursos-y-partes/como-informan-los-administradores-los-recursos-a-los-trabajadores.md;¿Cómo informan los administradores los recursos a los trabajadores?;Recursos y partes > Vacaciones y ausencias;SIN MAPEAR;Pendiente de revisión;;;Recursos y partes: no está en tu mapa [modulo-recursos/administradores-recursos]
recursos-y-partes/como-informan-los-trabajadores-los-recursos.md;¿Cómo informan los trabajadores los recursos?;Recursos y partes > Vacaciones y ausencias;SIN MAPEAR;Pendiente de revisión;;;Recursos y partes: no está en tu mapa [modulo-recursos/trabajadores-recursos]
recursos-y-partes/conceptos-tipo-1-3-conceptos-asociados-a-los-dias.md;Conceptos tipo 1.3: Conceptos asociados a los días;Recursos y partes > General;MAPEADO;Nóminas;Conceptos de nóminas;;administrador/administrar/exportacion-nominas/conceptos-de-nomina/conceptos-comunes-de-nomina
recursos-y-partes/conceptos-tipo-8-conceptos-asociados-al-modulo-de-recursos.md;Conceptos tipo 8: Conceptos asociados al módulo de recursos;Recursos y partes > General;MAPEADO;Nóminas;Conceptos de nóminas;;administrador/administrar/exportacion-nominas/conceptos-de-nomina/8-conceptos-asociados-a-recursos  (⚠ varias categorías: revisar)
recursos-y-partes/configuracion-del-modulo-de-recursos.md;Configuración del Módulo de Recursos;Recursos y partes > Roles y permisos;SIN MAPEAR;Pendiente de revisión;;;Recursos y partes: no está en tu mapa [modulo-recursos/administradores-recursos]
recursos-y-partes/e-localizaciones.md;Localizaciones;Recursos y partes > Usuarios y perfiles;MAPEADO;Reportes estadísticos;Por defecto;;administrador/estadisticas/estadisticas-por-defecto
recursos-y-partes/estado-por-localizaciones.md;Estado por localizaciones;Recursos y partes > General;MAPEADO;Gestión de RR.HH.;Control horario de equipos;;control-horario/rrhh-control-horario/10-timecard
recursos-y-partes/resumen-de-los-recursos-validacion-exportacion-totales-alarmas.md;Resumen de los Recursos. Validación. Exportación. Totales. Alarmas;Recursos y partes > General;SIN MAPEAR;Pendiente de revisión;;;Recursos y partes: no está en tu mapa [modulo-recursos/administradores-recursos]
recursos-y-partes/timecard-por-localizacion.md;Timecard por localización;Recursos y partes > General;MAPEADO;Gestión de RR.HH.;Control horario de equipos;;control-horario/rrhh-control-horario/10-timecard
recursos-y-partes/tipos-de-recursos.md;Tipos de recursos;Recursos y partes > General;SIN MAPEAR;Pendiente de revisión;;;Recursos y partes: no está en tu mapa [modulo-recursos/administradores-recursos]
tareas/1-descripcion-y-consideraciones-previas.md;Descripción y consideraciones previas;Tareas > Vacaciones y ausencias;MAPEADO;Tareas;Tareas;;modulo-de-tareas/validador-retail
tareas/1-tiempo-real.md;Tiempo Real;Tareas > Usuarios y perfiles;MAPEADO;Tareas;Tareas;;modulo-de-tareas/administradores
tareas/11-como-se-llama-a-los-clientes.md;¿Cómo se llama a los clientes?;Tareas > General;MAPEADO;Tareas;Tareas;;modulo-de-tareas/validador-retail
tareas/12-tareas-canceladas.md;Tareas canceladas;Tareas > General;MAPEADO;Tareas;Tareas;;modulo-de-tareas/validador-retail
tareas/12-tareas.md;Tareas en aTurnos;Tareas > General;MAPEADO;Planificación;Restricciones;;administrador/planificador/restricciones
tareas/13-listado-de-tareas-informes.md;Listado de tareas. Informes;Tareas > Roles y permisos;MAPEADO;Tareas;Tareas;;modulo-de-tareas/validador-retail
tareas/14-pantallas-puestos-y-tareas.md;Pantallas, puestos y tareas;Tareas > General;MAPEADO;Tareas;Tareas;;modulo-de-tareas/validador-retail
tareas/16-importacion-plantilla-de-tareas-tareas.md;Importación plantilla de tareas (Tareas);Tareas > General;SIN MAPEAR;Pendiente de revisión;;;Categoría legacy sin regla: administrador/administrar/importar-exportar/importar [administrador/administrar/importar-exportar/importar]
tareas/17-importar-clientes-tareas.md;Importar clientes (Tareas);Tareas > General;SIN MAPEAR;Pendiente de revisión;;;Categoría legacy sin regla: administrador/administrar/importar-exportar/importar [administrador/administrar/importar-exportar/importar]
tareas/2-como-imputar-tareas.md;Cómo imputar tareas;Tareas > Altas y bajas;MAPEADO;Tareas;Tareas;;modulo-de-tareas/trabajador-jobs
tareas/2-imputacion-de-tareas.md;Imputación de tareas;Tareas > General;MAPEADO;Tareas;Tareas;;modulo-de-tareas/6-imputacion-de-tareas  (⚠ varias categorías: revisar)
tareas/2-tareas.md;Tareas en aTurnos;Tareas > General;MAPEADO;Tareas;Tareas;;modulo-de-tareas/tareas-para-el-administrador/2-tareas
tareas/3-apartado-de-favoritos.md;Apartado de favoritos;Tareas > General;MAPEADO;Tareas;Tareas;;modulo-de-tareas/trabajador-jobs
tareas/3-cargar-demanda-desde-tareas.md;Cargar demanda desde tareas;Tareas > Turnos y patrones;MAPEADO;Planificación Avanzada/Automática;Demandas;;planificacion-automatica
tareas/3-favoritos.md;Favoritos;Tareas > General;MAPEADO;Tareas;Tareas;;modulo-de-tareas/7-favoritos  (⚠ varias categorías: revisar)
tareas/4-estadisticas-jobs.md;Estadísticas jobs;Tareas > General;MAPEADO;Tareas;Tareas;;modulo-de-tareas/trabajador-jobs
tareas/4-importacion-de-catalogos-de-tareas.md;Importación de catálogos de tareas;Tareas > General;MAPEADO;Tareas;Tareas;;modulo-de-tareas/administrador-jobs
tareas/7-configuracion-de-colas.md;Configuración de colas;Tareas > General;MAPEADO;Tareas;Tareas;;modulo-de-tareas/validador-retail
tareas/9-asignacion-de-tareas.md;Asignación de tareas;Tareas > Turnos y patrones;MAPEADO;Tareas;Tareas;;modulo-de-tareas/validador-retail
tareas/crear-empezar-y-finalizar-tareas.md;Crear, empezar y finalizar tareas;Tareas > General;SIN MAPEAR;Pendiente de revisión;;;Ya está en App móvil (posible duplicado) [app/administrador-app]
