source,target,status
/manual/app-movil/1-como-fichar/,/manual/control-horario/1-como-fichar/,301
/manual/app-movil/6-informes-y-ratios-de-absentismos/,/manual/planificacion/6-informes-y-ratios-de-absentismos/,301
/manual/configuracion-y-cuenta/1-crear-tipo-de-documento/,/manual/documentos/1-crear-tipo-de-documento/,301
/manual/configuracion-y-cuenta/1-hacer-cambio-de-turno/,/manual/peticiones-y-cambios/1-hacer-cambio-de-turno/,301
/manual/configuracion-y-cuenta/10-5-estadistica-todos-los-equipos/,/manual/costes-y-nominas/10-5-estadistica-todos-los-equipos/,301
/manual/configuracion-y-cuenta/13-listado-de-tareas-informes/,/manual/tareas/13-listado-de-tareas-informes/,301
/manual/configuracion-y-cuenta/15-url-s-de-kiosko-pantallas-centrales-kiosko-stop-go-etc/,/manual/cita-previa/15-url-s-de-kiosko-pantallas-centrales-kiosko-stop-go-etc/,301
/manual/configuracion-y-cuenta/7-peticiones/,/manual/peticiones-y-cambios/7-peticiones/,301
/manual/configuracion-y-cuenta/b-absentismos/,/manual/planificacion/b-absentismos/,301
/manual/configuracion-y-cuenta/c-festivos-nocturnidad/,/manual/planificacion/c-festivos-nocturnidad/,301
/manual/configuracion-y-cuenta/conceptos-tipo-2-horas-computadas-del-tipo-de-turno-seleccionado/,/manual/planificacion/conceptos-tipo-2-horas-computadas-del-tipo-de-turno-seleccionado/,301
/manual/configuracion-y-cuenta/conceptos-tipo-4-conceptos-asociados-a-los-tipos-de-turnos/,/manual/planificacion/conceptos-tipo-4-conceptos-asociados-a-los-tipos-de-turnos/,301
/manual/configuracion-y-cuenta/configuracion-del-modulo-de-recursos/,/manual/recursos-y-partes/configuracion-del-modulo-de-recursos/,301
/manual/configuracion-y-cuenta/listado-de-trabajadores/,/manual/gestion-de-personal/listado-de-trabajadores/,301
/manual/configuracion-y-cuenta/puntualidad/,/manual/control-horario/puntualidad/,301
/manual/configuracion-y-cuenta/trabajador/,/manual/gestion-de-personal/trabajador/,301
/manual/control-horario/3-2-peticiones-pendientes/,/manual/peticiones-y-cambios/3-2-peticiones-pendientes/,301
/manual/documentos/10-importar-posiciones/,/manual/gestion-de-personal/10-importar-posiciones/,301
/manual/documentos/13-crear-localizaciones-y-localizaciones-padres/,/manual/recursos-y-partes/13-crear-localizaciones-y-localizaciones-padres/,301
/manual/documentos/14-importar-dias-festivos-en-los-equipos/,/manual/planificacion/14-importar-dias-festivos-en-los-equipos/,301
/manual/documentos/15-importar-relacion-ids-external/,/manual/integraciones-y-api/15-importar-relacion-ids-external/,301
/manual/documentos/17-importar-clientes-tareas/,/manual/tareas/17-importar-clientes-tareas/,301
/manual/documentos/18-importacion-recursos/,/manual/recursos-y-partes/18-importacion-recursos/,301
/manual/documentos/4-importacion-de-catalogos-de-tareas/,/manual/tareas/4-importacion-de-catalogos-de-tareas/,301
/manual/general/2-conceptos-de-calculo/,/manual/costes-y-nominas/2-conceptos-de-calculo/,301
/manual/general/2-estadisticas-de-absentismos-totales/,/manual/planificacion/2-estadisticas-de-absentismos-totales/,301
/manual/general/3-3-absentismos/,/manual/planificacion/3-3-absentismos/,301
/manual/general/3-estadisticas-de-absentismos-temporales/,/manual/planificacion/3-estadisticas-de-absentismos-temporales/,301
/manual/general/4-resumen-estadisticas-de-absentismos/,/manual/planificacion/4-resumen-estadisticas-de-absentismos/,301
/manual/general/5-listado-de-absentismos-temporales/,/manual/planificacion/5-listado-de-absentismos-temporales/,301
/manual/general/5-seguridad/,/manual/configuracion-y-cuenta/5-seguridad/,301
/manual/general/barra-superior-del-cuadrante/,/manual/planificacion/barra-superior-del-cuadrante/,301
/manual/general/borrar-concpetos-en-nominas/,/manual/costes-y-nominas/borrar-concpetos-en-nominas/,301
/manual/general/cuadrante/,/manual/planificacion/cuadrante-2/,301
/manual/general/menu-del-trabajador/,/manual/gestion-de-personal/menu-del-trabajador/,301
/manual/general/que-valor-indica-y-para-que-sirve-el-status-presencia-horas-contrato/,/manual/control-horario/que-valor-indica-y-para-que-sirve-el-status-presencia-horas-contrato/,301
/manual/general/turnos/,/manual/planificacion/turnos/,301
/manual/gestion-de-personal/1-1-modo-de-validacion-para-la-exportacion/,/manual/costes-y-nominas/1-1-modo-de-validacion-para-la-exportacion/,301
/manual/gestion-de-personal/1-2-descarga-de-nomina/,/manual/costes-y-nominas/1-2-descarga-de-nomina/,301
/manual/gestion-de-personal/1-4-nivel-que-puede-cambiar-la-fecha-de-cierre-del-cuadrante/,/manual/planificacion/1-4-nivel-que-puede-cambiar-la-fecha-de-cierre-del-cuadrante/,301
/manual/gestion-de-personal/1-subir-documentos/,/manual/documentos/1-subir-documentos/,301
/manual/gestion-de-personal/1-tiempo-real/,/manual/tareas/1-tiempo-real/,301
/manual/gestion-de-personal/10-1-listado-de-conceptos-de-calculo-y-de-nomina-borrado-de-conceptos-de-calculo-de-nomina/,/manual/costes-y-nominas/10-1-listado-de-conceptos-de-calculo-y-de-nomina-borrado-de-conceptos-de-calculo-de-nomina/,301
/manual/gestion-de-personal/10-2-cierre-del-cuadrante-validacion-y-ultimo-dia-exportado-por-equipo/,/manual/planificacion/10-2-cierre-del-cuadrante-validacion-y-ultimo-dia-exportado-por-equipo/,301
/manual/gestion-de-personal/10-7-totalizada-por-equipo-validacion-del-cuadrante/,/manual/planificacion/10-7-totalizada-por-equipo-validacion-del-cuadrante/,301
/manual/gestion-de-personal/10-costes/,/manual/costes-y-nominas/10-costes/,301
/manual/gestion-de-personal/12-calculo-estimado-de-horas/,/manual/planificacion/12-calculo-estimado-de-horas/,301
/manual/gestion-de-personal/12-importar-costes/,/manual/costes-y-nominas/12-importar-costes/,301
/manual/gestion-de-personal/2-1-tipos-de-turnos-y-horas/,/manual/planificacion/2-1-tipos-de-turnos-y-horas/,301
/manual/gestion-de-personal/2-2-turnos-y-horas/,/manual/planificacion/2-2-turnos-y-horas/,301
/manual/gestion-de-personal/2-4-historial-de-peticiones/,/manual/peticiones-y-cambios/2-4-historial-de-peticiones/,301
/manual/gestion-de-personal/2-6-periodos-de-vacaciones-por-ano/,/manual/planificacion/2-6-periodos-de-vacaciones-por-ano/,301
/manual/gestion-de-personal/2-7-cambios-pendientes/,/manual/peticiones-y-cambios/2-7-cambios-pendientes/,301
/manual/gestion-de-personal/2-cerrar-cuadrante/,/manual/planificacion/2-cerrar-cuadrante/,301
/manual/gestion-de-personal/2-como-imputar-tareas/,/manual/tareas/2-como-imputar-tareas/,301
/manual/gestion-de-personal/2-imputacion-de-tareas/,/manual/tareas/2-imputacion-de-tareas/,301
/manual/gestion-de-personal/2-menos-de-12-hrs-entre-fichajes/,/manual/control-horario/2-menos-de-12-hrs-entre-fichajes/,301
/manual/gestion-de-personal/2-subir-documentos/,/manual/documentos/2-subir-documentos/,301
/manual/gestion-de-personal/2-ver-documentos-subidos/,/manual/documentos/2-ver-documentos-subidos/,301
/manual/gestion-de-personal/21-importar-fichajes-de-trabajadores/,/manual/control-horario/21-importar-fichajes-de-trabajadores/,301
/manual/gestion-de-personal/24-importacion-de-ajustes-coeficiente-de-horas/,/manual/configuracion-y-cuenta/24-importacion-de-ajustes-coeficiente-de-horas/,301
/manual/gestion-de-personal/27-importar-peticiones/,/manual/peticiones-y-cambios/27-importar-peticiones/,301
/manual/gestion-de-personal/3-1-maestro-de-absentismos/,/manual/planificacion/3-1-maestro-de-absentismos/,301
/manual/gestion-de-personal/3-3-informe-y-ratios-de-absentimos/,/manual/planificacion/3-3-informe-y-ratios-de-absentimos/,301
/manual/gestion-de-personal/3-mas-de-2-hrs-entre-fichajes/,/manual/control-horario/3-mas-de-2-hrs-entre-fichajes/,301
/manual/gestion-de-personal/4-3-turnos-y-horas/,/manual/planificacion/4-3-turnos-y-horas/,301
/manual/gestion-de-personal/4-5-periodos-de-vacaciones/,/manual/planificacion/4-5-periodos-de-vacaciones/,301
/manual/gestion-de-personal/4-exportacion-a-nominas/,/manual/costes-y-nominas/4-exportacion-a-nominas/,301
/manual/gestion-de-personal/4-insertar-periodos-de-absentismos-totales-y-temporales/,/manual/planificacion/4-insertar-periodos-de-absentismos-totales-y-temporales/,301
/manual/gestion-de-personal/4-mis-fichajes/,/manual/control-horario/4-mis-fichajes/,301
/manual/gestion-de-personal/4-sobre-vacaciones-festivos-y-bolsas-de-horas/,/manual/planificacion/4-sobre-vacaciones-festivos-y-bolsas-de-horas/,301
/manual/gestion-de-personal/5-1-cuadrante-por-localizaciones/,/manual/recursos-y-partes/5-1-cuadrante-por-localizaciones/,301
/manual/gestion-de-personal/5-1-exportar-nominas/,/manual/costes-y-nominas/5-1-exportar-nominas/,301
/manual/gestion-de-personal/5-11-tipos-de-fichajes/,/manual/control-horario/5-11-tipos-de-fichajes/,301
/manual/gestion-de-personal/5-17-flexibilidad-de-fichajes/,/manual/control-horario/5-17-flexibilidad-de-fichajes/,301
/manual/gestion-de-personal/5-importar-ofertas-de-turnos/,/manual/planificacion/5-importar-ofertas-de-turnos/,301
/manual/gestion-de-personal/6-1-estadistica-por-periodo/,/manual/costes-y-nominas/6-1-estadistica-por-periodo/,301
/manual/gestion-de-personal/6-1-listado-de-conceptos-de-nomina/,/manual/costes-y-nominas/6-1-listado-de-conceptos-de-nomina/,301
/manual/gestion-de-personal/6-2-reporte-de-localizaciones/,/manual/recursos-y-partes/6-2-reporte-de-localizaciones/,301
/manual/gestion-de-personal/6-4-exportar-nominas/,/manual/costes-y-nominas/6-4-exportar-nominas/,301
/manual/gestion-de-personal/6-ajuste-de-absentismos/,/manual/planificacion/6-ajuste-de-absentismos/,301
/manual/gestion-de-personal/6-importar-ofertas-de-horas/,/manual/peticiones-y-cambios/6-importar-ofertas-de-horas/,301
/manual/gestion-de-personal/7-2-festivos/,/manual/planificacion/7-2-festivos/,301
/manual/gestion-de-personal/7-4-relacion-ids-external/,/manual/integraciones-y-api/7-4-relacion-ids-external/,301
/manual/gestion-de-personal/7-5-migrar-balance-de-horas-y-vacaciones/,/manual/planificacion/7-5-migrar-balance-de-horas-y-vacaciones/,301
/manual/gestion-de-personal/7-6-localizaciones/,/manual/recursos-y-partes/7-6-localizaciones/,301
/manual/gestion-de-personal/7-listado-de-fichajes/,/manual/control-horario/7-listado-de-fichajes/,301
/manual/gestion-de-personal/7-modifica-las-localizaciones/,/manual/recursos-y-partes/7-modifica-las-localizaciones/,301
/manual/gestion-de-personal/7-nominas/,/manual/costes-y-nominas/7-nominas/,301
/manual/gestion-de-personal/8-control-de-fichajes/,/manual/control-horario/8-control-de-fichajes/,301
/manual/gestion-de-personal/9-1-integracion-nominas/,/manual/costes-y-nominas/9-1-integracion-nominas/,301
/manual/gestion-de-personal/9-planificabilidad-disponibilidad/,/manual/planificacion/9-planificabilidad-disponibilidad/,301
/manual/gestion-de-personal/balance-vacaciones-anual/,/manual/planificacion/balance-vacaciones-anual/,301
/manual/gestion-de-personal/como-crear-un-parte-de-trabajo/,/manual/recursos-y-partes/como-crear-un-parte-de-trabajo/,301
/manual/gestion-de-personal/como-puedo-cambiar-la-contrasena-desde-la-app/,/manual/configuracion-y-cuenta/como-puedo-cambiar-la-contrasena-desde-la-app/,301
/manual/gestion-de-personal/conceptos-tipo-9-conceptos-asociados-a-las-jornadas-partidas/,/manual/planificacion/conceptos-tipo-9-conceptos-asociados-a-las-jornadas-partidas/,301
/manual/gestion-de-personal/costes-detalle/,/manual/costes-y-nominas/costes-detalle/,301
/manual/gestion-de-personal/costes-por-usuario/,/manual/costes-y-nominas/costes-por-usuario/,301
/manual/gestion-de-personal/d-oferta-de-turno/,/manual/peticiones-y-cambios/d-oferta-de-turno/,301
/manual/gestion-de-personal/documentos/,/manual/documentos/documentos/,301
/manual/gestion-de-personal/e-localizaciones/,/manual/recursos-y-partes/e-localizaciones/,301
/manual/gestion-de-personal/e-peticiones/,/manual/peticiones-y-cambios/e-peticiones/,301
/manual/gestion-de-personal/fichajes-sin-cerrar/,/manual/control-horario/fichajes-sin-cerrar/,301
/manual/gestion-de-personal/g-vacaciones/,/manual/planificacion/g-vacaciones/,301
/manual/gestion-de-personal/horas-computadas-mas-ajustes/,/manual/configuracion-y-cuenta/horas-computadas-mas-ajustes/,301
/manual/gestion-de-personal/jornadas-absentismos/,/manual/planificacion/jornadas-absentismos/,301
/manual/gestion-de-personal/peticion/,/manual/peticiones-y-cambios/peticion/,301
/manual/gestion-de-personal/restriccion-obligatoria/,/manual/planificacion/restriccion-obligatoria/,301
/manual/gestion-de-personal/restriccion/,/manual/planificacion/restriccion/,301
/manual/gestion-de-personal/roles-de-usuarios/,/manual/configuracion-y-cuenta/roles-de-usuarios/,301
/manual/gestion-de-personal/subir-y-descargar-documentos/,/manual/documentos/subir-y-descargar-documentos/,301
/manual/gestion-de-personal/turno-extraordinario/,/manual/planificacion/turno-extraordinario/,301
/manual/integraciones-y-api/4-1-plantilla-de-nomina/,/manual/costes-y-nominas/4-1-plantilla-de-nomina/,301
/manual/peticiones-y-cambios/6-listado-peticiones-de-fichajes/,/manual/control-horario/6-listado-peticiones-de-fichajes/,301
/manual/peticiones-y-cambios/solicitud-de-fichajes-pendientes/,/manual/control-horario/solicitud-de-fichajes-pendientes/,301
/manual/planificacion/1-1-filtros-de-fichajes/,/manual/control-horario/1-1-filtros-de-fichajes/,301
/manual/planificacion/1-2-detalle-de-los-fichajes/,/manual/control-horario/1-2-detalle-de-los-fichajes/,301
/manual/planificacion/1-3-comportamiento-de-aviso-de-cuadrante-cerrado-por-nomina/,/manual/costes-y-nominas/1-3-comportamiento-de-aviso-de-cuadrante-cerrado-por-nomina/,301
/manual/planificacion/1-5-estado-y-ajustar-fichajes/,/manual/control-horario/1-5-estado-y-ajustar-fichajes/,301
/manual/planificacion/1-descripcion-y-consideraciones-previas/,/manual/tareas/1-descripcion-y-consideraciones-previas/,301
/manual/planificacion/10-4-exportar-a-nominas/,/manual/costes-y-nominas/10-4-exportar-a-nominas/,301
/manual/planificacion/10-peticiones/,/manual/peticiones-y-cambios/10-peticiones/,301
/manual/planificacion/10-sobre-el-modulo-de-control-horario/,/manual/control-horario/10-sobre-el-modulo-de-control-horario/,301
/manual/planificacion/13-modifica-las-localizaciones/,/manual/recursos-y-partes/13-modifica-las-localizaciones/,301
/manual/planificacion/14-localizacion-por-defecto/,/manual/recursos-y-partes/14-localizacion-por-defecto/,301
/manual/planificacion/2-1-listado-de-fichajes/,/manual/control-horario/2-1-listado-de-fichajes/,301
/manual/planificacion/2-3-oferta-de-turno/,/manual/peticiones-y-cambios/2-3-oferta-de-turno/,301
/manual/planificacion/2-3-peticiones-y-cambios/,/manual/peticiones-y-cambios/2-3-peticiones-y-cambios/,301
/manual/planificacion/2-6-ajustes/,/manual/configuracion-y-cuenta/2-6-ajustes/,301
/manual/planificacion/3-cargar-demanda-desde-tareas/,/manual/tareas/3-cargar-demanda-desde-tareas/,301
/manual/planificacion/5-mas-de-5-hrs-fichadas-sin-descanso/,/manual/control-horario/5-mas-de-5-hrs-fichadas-sin-descanso/,301
/manual/planificacion/6-trabajadores-sin-descanso-realizado/,/manual/control-horario/6-trabajadores-sin-descanso-realizado/,301
/manual/planificacion/8-1-peticiones-de-reportes/,/manual/peticiones-y-cambios/8-1-peticiones-de-reportes/,301
/manual/planificacion/9-asignacion-de-tareas/,/manual/tareas/9-asignacion-de-tareas/,301
/manual/planificacion/9-sobre-las-localizaciones/,/manual/recursos-y-partes/9-sobre-las-localizaciones/,301
/manual/planificacion/a-cuadrante-por-localizaciones/,/manual/recursos-y-partes/a-cuadrante-por-localizaciones/,301
/manual/planificacion/b-especialidades/,/manual/gestion-de-personal/b-especialidades/,301
/manual/planificacion/b-peticiones-pendientes/,/manual/peticiones-y-cambios/b-peticiones-pendientes/,301
/manual/planificacion/cambios-de-turno/,/manual/peticiones-y-cambios/cambios-de-turno/,301
/manual/planificacion/como-informan-los-administradores-los-recursos-a-los-trabajadores/,/manual/recursos-y-partes/como-informan-los-administradores-los-recursos-a-los-trabajadores/,301
/manual/planificacion/como-informan-los-trabajadores-los-recursos/,/manual/recursos-y-partes/como-informan-los-trabajadores-los-recursos/,301
/manual/planificacion/como-recuperar-contrasena-desde-la-app-de-aturnos/,/manual/configuracion-y-cuenta/como-recuperar-contrasena-desde-la-app-de-aturnos/,301
/manual/planificacion/coste/,/manual/costes-y-nominas/coste/,301
/manual/planificacion/costes-categoria/,/manual/costes-y-nominas/costes-categoria/,301
/manual/planificacion/costes-por-turno/,/manual/costes-y-nominas/costes-por-turno/,301
/manual/planificacion/e-historial-de-peticiones/,/manual/peticiones-y-cambios/e-historial-de-peticiones/,301
/manual/planificacion/horas-presenciales-dentro-de-turno/,/manual/control-horario/horas-presenciales-dentro-de-turno/,301
/manual/planificacion/horas-presenciales-en-turno-computable/,/manual/control-horario/horas-presenciales-en-turno-computable/,301
/manual/planificacion/horas-presenciales-en-turno-no-computable/,/manual/control-horario/horas-presenciales-en-turno-no-computable/,301
/manual/planificacion/lanzar-peticiones-y-cambios/,/manual/peticiones-y-cambios/lanzar-peticiones-y-cambios/,301
/manual/planificacion/oferta-de-turno/,/manual/peticiones-y-cambios/oferta-de-turno/,301
/manual/planificacion/por-que-no-puedo-fichar-desde-la-app/,/manual/control-horario/por-que-no-puedo-fichar-desde-la-app/,301
/manual/planificacion/trabajador-planificado-control-de-presencia/,/manual/control-horario/trabajador-planificado-control-de-presencia/,301
/manual/recursos-y-partes/12-tareas/,/manual/tareas/12-tareas/,301
/manual/recursos-y-partes/2-1-nueva-peticion/,/manual/peticiones-y-cambios/2-1-nueva-peticion/,301
/manual/recursos-y-partes/2-8-crear-nueva-oferta/,/manual/peticiones-y-cambios/2-8-crear-nueva-oferta/,301
/manual/recursos-y-partes/2-cargar-la-demanda/,/manual/planificacion/2-cargar-la-demanda/,301
/manual/recursos-y-partes/conceptos-tipo-3-horas-planificadas-del-tipo-de-turno-seleccionado/,/manual/planificacion/conceptos-tipo-3-horas-planificadas-del-tipo-de-turno-seleccionado/,301
/manual/recursos-y-partes/costes-por-categoria/,/manual/costes-y-nominas/costes-por-categoria/,301
/manual/recursos-y-partes/costes-por-localizacion/,/manual/costes-y-nominas/costes-por-localizacion/,301
https://manual.aturnos.com/documentation/1-analisis-funcional/,/manual/gestion-de-personal/gestion-de-proyectos/,301
https://manual.aturnos.com/documentation/1-general/,/manual/gestion-de-personal/preguntas-frecuentes-administradores/,301
https://manual.aturnos.com/documentation/1-general/como-activar-un-trabajador/,/manual/gestion-de-personal/preguntas-frecuentes-administradores/,301
https://manual.aturnos.com/documentation/1-general/como-cambiar-el-nombre-a-un-equipo-de-trabajo/,/manual/gestion-de-personal/preguntas-frecuentes-administradores/,301
https://manual.aturnos.com/documentation/1-general/como-cambiar-las-horas-contrato-de-los-trabajadores-tras-una-modificacion-de-convenio-colectivo/,/manual/gestion-de-personal/preguntas-frecuentes-administradores/,301
https://manual.aturnos.com/documentation/1-general/como-cancelar-mi-suscripcion/,/manual/gestion-de-personal/preguntas-frecuentes-administradores/,301
https://manual.aturnos.com/documentation/1-general/como-crear-un-nuevo-equipo/,/manual/gestion-de-personal/preguntas-frecuentes-administradores/,301
https://manual.aturnos.com/documentation/1-general/como-dar-acceso-a-los-usuarios-en-aturnos/,/manual/gestion-de-personal/preguntas-frecuentes-administradores/,301
https://manual.aturnos.com/documentation/1-general/como-dar-de-alta-un-trabajador-que-ha-sido-dado-de-baja/,/manual/gestion-de-personal/preguntas-frecuentes-administradores/,301
https://manual.aturnos.com/documentation/1-general/como-dar-de-baja-a-un-trabajador-por-finalizacion-de-contrato/,/manual/gestion-de-personal/preguntas-frecuentes-administradores/,301
https://manual.aturnos.com/documentation/1-general/como-editar-el-nombre-de-un-trabajador-que-esta-activado/,/manual/gestion-de-personal/preguntas-frecuentes-administradores/,301
https://manual.aturnos.com/documentation/1-general/como-ordenar-las-localizaciones-de-mi-cuadrante/,/manual/gestion-de-personal/preguntas-frecuentes-administradores/,301
https://manual.aturnos.com/documentation/1-general/como-ordenar-los-trabajadores-de-mi-cuadrante/,/manual/gestion-de-personal/preguntas-frecuentes-administradores/,301
https://manual.aturnos.com/documentation/1-general/como-puedo-anadir-o-quitar-modulos-de-mi-suscripcion-de-aturnos/,/manual/gestion-de-personal/preguntas-frecuentes-administradores/,301
https://manual.aturnos.com/documentation/1-general/como-puedo-anadir-trabajadores/,/manual/gestion-de-personal/preguntas-frecuentes-administradores/,301
https://manual.aturnos.com/documentation/1-general/como-puedo-contratar-aturnos/,/manual/gestion-de-personal/preguntas-frecuentes-administradores/,301
https://manual.aturnos.com/documentation/1-general/como-puedo-modificar-mi-suscripcion-de-aturnos-por-el-numero-de-trabajadores/,/manual/gestion-de-personal/preguntas-frecuentes-administradores/,301
https://manual.aturnos.com/documentation/1-general/como-puedo-seleccionar-las-fechas-inicio-y-fin-del-calendario/,/manual/gestion-de-personal/preguntas-frecuentes-administradores/,301
https://manual.aturnos.com/documentation/1-general/como-se-puede-cambiar-lo-que-se-visualiza-en-el-cuadrante/,/manual/gestion-de-personal/preguntas-frecuentes-administradores/,301
https://manual.aturnos.com/documentation/1-general/como-se-realiza-el-calculo-estimado/,/manual/gestion-de-personal/preguntas-frecuentes-administradores/,301
https://manual.aturnos.com/documentation/1-general/gestiono-una-gran-empresa-aturnos-puede-ayudarme/,/manual/gestion-de-personal/preguntas-frecuentes-administradores/,301
https://manual.aturnos.com/documentation/1-general/por-que-aparecen-las-vacaciones-con-decimales/,/manual/gestion-de-personal/preguntas-frecuentes-administradores/,301
https://manual.aturnos.com/documentation/1-general/que-es-la-delegacion-de-administradores/,/manual/gestion-de-personal/preguntas-frecuentes-administradores/,301
https://manual.aturnos.com/documentation/1-general/que-es-y-como-dar-de-alta-una-posicion/,/manual/gestion-de-personal/preguntas-frecuentes-administradores/,301
https://manual.aturnos.com/documentation/1-general/que-tipo-de-roles-de-usuario-existen/,/manual/gestion-de-personal/preguntas-frecuentes-administradores/,301
https://manual.aturnos.com/documentation/1-generales/,/manual/gestion-de-personal/guia-de-usuario/,301
https://manual.aturnos.com/documentation/1-generales/como-cambiar-datos-de-mi-perfil-nombre-email-o-telefono/,/manual/gestion-de-personal/guia-de-usuario/,301
https://manual.aturnos.com/documentation/1-generales/como-cambiar-mi-foto-de-perfil-de-usuario-de-aturnos/,/manual/gestion-de-personal/guia-de-usuario/,301
https://manual.aturnos.com/documentation/1-generales/como-me-puedo-descargar-las-nominas-de-mi-empresa/,/manual/gestion-de-personal/guia-de-usuario/,301
https://manual.aturnos.com/documentation/1-generales/como-puedo-cambiar-el-idioma-en-aturnos/,/manual/gestion-de-personal/guia-de-usuario/,301
https://manual.aturnos.com/documentation/1-generales/como-puedo-cambiar-mi-contrasena/,/manual/gestion-de-personal/guia-de-usuario/,301
https://manual.aturnos.com/documentation/1-generales/como-puedo-darme-de-baja/,/manual/gestion-de-personal/guia-de-usuario/,301
https://manual.aturnos.com/documentation/1-generales/como-puedo-desactivar-las-notificaciones-y-o-los-correos-de-aturnos/,/manual/gestion-de-personal/guia-de-usuario/,301
https://manual.aturnos.com/documentation/1-generales/como-puedo-entrar-en-aturnos/,/manual/gestion-de-personal/guia-de-usuario/,301
https://manual.aturnos.com/documentation/1-generales/como-puedo-recuperar-mi-contrasena/,/manual/gestion-de-personal/guia-de-usuario/,301
https://manual.aturnos.com/documentation/1-generales/como-se-puede-acceder-al-cuadrante-para-comprobar-que-turno-se-tiene-antes-de-la-fecha-inicio-de-contrato/,/manual/gestion-de-personal/guia-de-usuario/,301
https://manual.aturnos.com/documentation/1-generales/donde-puede-ver-mi-computo-anual-de-horas-en-un-ano/,/manual/gestion-de-personal/guia-de-usuario/,301
https://manual.aturnos.com/documentation/1-generales/por-que-se-bloquea-mi-cuenta-y-cual-es-la-politica-de-seguridad/,/manual/gestion-de-personal/guia-de-usuario/,301
https://manual.aturnos.com/documentation/1-generales/que-hacer-para-que-no-se-cierre-la-sesion-de-aturnos/,/manual/gestion-de-personal/guia-de-usuario/,301
https://manual.aturnos.com/documentation/1-intercambio-de-turno/,/manual/peticiones-y-cambios/cambios-de-turno/,301
https://manual.aturnos.com/documentation/1-introduccion-2/,/manual/costes-y-nominas/guia-exportacion-nominas/,301
https://manual.aturnos.com/documentation/1-introduccion/,/manual/gestion-de-personal/preguntas-frecuentes-del-trabajador/,301
https://manual.aturnos.com/documentation/1-planificacion/,/manual/planificacion/guia-de-tui/,301
https://manual.aturnos.com/documentation/1-planificacion/como-aplicar-un-patron/,/manual/planificacion/guia-de-tui/,301
https://manual.aturnos.com/documentation/1-planificacion/como-crear-tipos-de-turno-2/,/manual/planificacion/guia-de-tui/,301
https://manual.aturnos.com/documentation/1-planificacion/como-crear-tipos-de-turno-2/1-2-1-turnos-fijos/,/manual/planificacion/guia-de-tui/,301
https://manual.aturnos.com/documentation/1-planificacion/como-crear-tipos-de-turno-2/1-2-2-turnos-rotativos-1/,/manual/planificacion/guia-de-tui/,301
https://manual.aturnos.com/documentation/1-planificacion/como-crear-tipos-de-turno-2/3-2-consejos-para-planificar-desde-el-cuadrante/,/manual/planificacion/guia-de-tui/,301
https://manual.aturnos.com/documentation/1-planificacion/como-crear-tipos-de-turno/,/manual/planificacion/guia-de-tui/,301
https://manual.aturnos.com/documentation/1-planificacion/planificacion-con-localizaciones-reps/,/manual/planificacion/guia-de-tui/,301
https://manual.aturnos.com/documentation/1-planificar-en-aturnos/,/manual/planificacion/como-empezar-en-aturnos/,301
https://manual.aturnos.com/documentation/1-planificar-en-aturnos/1-1-ajustes-trabajadores-y-turnos/,/manual/planificacion/como-empezar-en-aturnos/,301
https://manual.aturnos.com/documentation/1-planificar-en-aturnos/1-1-ajustes-trabajadores-y-turnos/1-1-1-ajustes-2-2/,/manual/planificacion/como-empezar-en-aturnos/,301
https://manual.aturnos.com/documentation/1-planificar-en-aturnos/1-1-ajustes-trabajadores-y-turnos/1-1-1-ajustes/,/manual/planificacion/como-empezar-en-aturnos/,301
https://manual.aturnos.com/documentation/1-planificar-en-aturnos/1-1-ajustes-trabajadores-y-turnos/1-1-2-trabajadores/,/manual/planificacion/como-empezar-en-aturnos/,301
https://manual.aturnos.com/documentation/1-planificar-en-aturnos/1-1-ajustes-trabajadores-y-turnos/1-1-3-roles-de-usuario-en-aturnos/,/manual/planificacion/como-empezar-en-aturnos/,301
https://manual.aturnos.com/documentation/1-planificar-en-aturnos/1-2-planificar/,/manual/planificacion/como-empezar-en-aturnos/,301
https://manual.aturnos.com/documentation/1-planificar-en-aturnos/1-2-planificar/1-2-1-turnos-fijos/,/manual/planificacion/como-empezar-en-aturnos/,301
https://manual.aturnos.com/documentation/1-planificar-en-aturnos/1-2-planificar/1-2-2-turnos-rotativos-1/,/manual/planificacion/como-empezar-en-aturnos/,301
https://manual.aturnos.com/documentation/1-planificar-en-aturnos/1-2-planificar/1-2-3-turnos-rotativos-2/,/manual/planificacion/como-empezar-en-aturnos/,301
https://manual.aturnos.com/documentation/1-planificar-en-aturnos/1-2-planificar/1-2-4-turnos-muy-cambiantes/,/manual/planificacion/como-empezar-en-aturnos/,301
https://manual.aturnos.com/documentation/2-3-como-asignar-vacaciones-y-absentismos/,/manual/planificacion/guia-de-tui/,301
https://manual.aturnos.com/documentation/2-3-como-asignar-vacaciones-y-absentismos/6277-2/,/manual/planificacion/guia-de-tui/,301
https://manual.aturnos.com/documentation/2-3-como-asignar-vacaciones-y-absentismos/como-aceptar-o-denegar-peticiones/,/manual/planificacion/guia-de-tui/,301
https://manual.aturnos.com/documentation/2-3-como-asignar-vacaciones-y-absentismos/como-borrar-las-vacaciones-de-una-peticion-ya-aceptada/,/manual/planificacion/guia-de-tui/,301
https://manual.aturnos.com/documentation/2-3-como-asignar-vacaciones-y-absentismos/como-consultar-el-saldo-de-vacaciones-de-los-empleados/,/manual/planificacion/guia-de-tui/,301
https://manual.aturnos.com/documentation/2-3-como-asignar-vacaciones-y-absentismos/como-ver-todas-las-peticiones-y-vacaciones-de-todas-las-personas-que-gestiono/,/manual/planificacion/guia-de-tui/,301
https://manual.aturnos.com/documentation/2-3-como-asignar-vacaciones-y-absentismos/como-ver-y-asignar-vacaciones-del-2019/,/manual/planificacion/guia-de-tui/,301
https://manual.aturnos.com/documentation/2-3-como-asignar-vacaciones-y-absentismos/como-visualizar-las-vacaciones-aplicadas-de-mi-equipo/,/manual/planificacion/guia-de-tui/,301
https://manual.aturnos.com/documentation/2-3-como-asignar-vacaciones-y-absentismos/modificar-vacaciones-por-turno/,/manual/planificacion/guia-de-tui/,301
https://manual.aturnos.com/documentation/2-activar-la-integracion-de-exportacion-de-fichajes-desde-aturnos/,/manual/integraciones-y-api/integracion-con-personio/,301
https://manual.aturnos.com/documentation/2-activar-la-integracion-de-importacion-de-ausencias-desde-aturnos/,/manual/integraciones-y-api/integracion-con-personio/,301
https://manual.aturnos.com/documentation/2-cambio-por-libre-dejando-a-deber/,/manual/peticiones-y-cambios/cambios-de-turno/,301
https://manual.aturnos.com/documentation/2-configuracion-general-de-la-exportacion-a-nominas/,/manual/costes-y-nominas/guia-exportacion-nominas/,301
https://manual.aturnos.com/documentation/2-fases-de-la-implantacion/,/manual/gestion-de-personal/gestion-de-proyectos/,301
https://manual.aturnos.com/documentation/2-fases-de-la-implantacion/2-1-reunion-de-inicio-start-up/,/manual/gestion-de-personal/gestion-de-proyectos/,301
https://manual.aturnos.com/documentation/2-fases-de-la-implantacion/2-2-maestro-de-empleados/,/manual/gestion-de-personal/gestion-de-proyectos/,301
https://manual.aturnos.com/documentation/2-fases-de-la-implantacion/formacion-de-superusuarios-jefes-de-proyecto/,/manual/gestion-de-personal/gestion-de-proyectos/,301
https://manual.aturnos.com/documentation/2-fases-de-la-implantacion/formacion-en-la-herramienta-de-planificacion-operativa-diaria/,/manual/gestion-de-personal/gestion-de-proyectos/,301
https://manual.aturnos.com/documentation/2-fases-de-la-implantacion/planificacion-de-trabajadores-de-los-equipos-piloto/,/manual/gestion-de-personal/gestion-de-proyectos/,301
https://manual.aturnos.com/documentation/2-fases-de-la-implantacion/pruebas-funcionales-de-planificacion-y-operativa-diaria-de-equipos-piloto/,/manual/gestion-de-personal/gestion-de-proyectos/,301
https://manual.aturnos.com/documentation/2-fases-de-la-implantacion/revision-de-requerimientos-y-necesidades-de-planificacion/,/manual/gestion-de-personal/gestion-de-proyectos/,301
https://manual.aturnos.com/documentation/2-fases-de-la-implantacion/validacion-de-la-implantacion/,/manual/gestion-de-personal/gestion-de-proyectos/,301
https://manual.aturnos.com/documentation/2-how-to-manage-requests-annual-leaves-and-abscences/,/manual/general/guide-tui/,301
https://manual.aturnos.com/documentation/2-how-to-manage-requests-annual-leaves-and-abscences/change-annual-leave-to-shift/,/manual/general/guide-tui/,301
https://manual.aturnos.com/documentation/2-how-to-manage-requests-annual-leaves-and-abscences/how-to-accept-or-refuse-requests/,/manual/general/guide-tui/,301
https://manual.aturnos.com/documentation/2-how-to-manage-requests-annual-leaves-and-abscences/how-to-cancel-annual-leaves-accepted-before/,/manual/general/guide-tui/,301
https://manual.aturnos.com/documentation/2-how-to-manage-requests-annual-leaves-and-abscences/how-to-check-the-balance-of-annual-leaves/,/manual/general/guide-tui/,301
https://manual.aturnos.com/documentation/2-how-to-manage-requests-annual-leaves-and-abscences/how-to-see-and-assign-2019-annual-leaves/,/manual/general/guide-tui/,301
https://manual.aturnos.com/documentation/2-how-to-manage-requests-annual-leaves-and-abscences/how-to-see-anual-leaves-applied-to-my-team/,/manual/general/guide-tui/,301
https://manual.aturnos.com/documentation/2-how-to-manage-requests-annual-leaves-and-abscences/how-to-see-pending-requests-annual-leaves-and-abscences/,/manual/general/guide-tui/,301
https://manual.aturnos.com/documentation/2-planificacion/,/manual/gestion-de-personal/preguntas-frecuentes-administradores/,301
https://manual.aturnos.com/documentation/2-planificacion/como-ajustar-las-horas-desde-el-perfil-del-trabajador/,/manual/gestion-de-personal/preguntas-frecuentes-administradores/,301
https://manual.aturnos.com/documentation/2-planificacion/como-ajustar-manualmente-las-vacaciones-de-un-trabajador/,/manual/gestion-de-personal/preguntas-frecuentes-administradores/,301
https://manual.aturnos.com/documentation/2-planificacion/como-ajustar-saldos-de-vacaciones-pendientes-de-un-ano-al-siguiente/,/manual/gestion-de-personal/preguntas-frecuentes-administradores/,301
https://manual.aturnos.com/documentation/2-planificacion/como-anadir-ajustes-manuales-de-saldos-de-horas-y-vacaciones-si-no-existe-planificacion-en-el-ano-anterior/,/manual/gestion-de-personal/preguntas-frecuentes-administradores/,301
https://manual.aturnos.com/documentation/2-planificacion/como-aplicar-un-patron-de-turnos-a-partir-de-un-dia-en-concreto-y-desde-un-indice-determinado-del-patron/,/manual/gestion-de-personal/preguntas-frecuentes-administradores/,301
https://manual.aturnos.com/documentation/2-planificacion/como-aplicar-un-patron-la-funcion-del-escalonado/,/manual/gestion-de-personal/preguntas-frecuentes-administradores/,301
https://manual.aturnos.com/documentation/2-planificacion/como-borrar-el-cuadrante-de-uno-o-varios-trabajadores/,/manual/gestion-de-personal/preguntas-frecuentes-administradores/,301
https://manual.aturnos.com/documentation/2-planificacion/como-borrar-turnos-v-de-vacaciones-de-la-planificacion/,/manual/gestion-de-personal/preguntas-frecuentes-administradores/,301
https://manual.aturnos.com/documentation/2-planificacion/como-cambiar-la-localizacion-en-los-turnos-de-un-trabajador-varios-dias-a-la-vez/,/manual/gestion-de-personal/preguntas-frecuentes-administradores/,301
https://manual.aturnos.com/documentation/2-planificacion/como-cerrar-cuadrante-a-un-equipo/,/manual/gestion-de-personal/preguntas-frecuentes-administradores/,301
https://manual.aturnos.com/documentation/2-planificacion/como-configurar-el-absentismo-del-permiso-parental-de-8-semanas/,/manual/gestion-de-personal/preguntas-frecuentes-administradores/,301
https://manual.aturnos.com/documentation/2-planificacion/como-configurar-las-vacaciones-por-horas-en-el-equipo/,/manual/gestion-de-personal/preguntas-frecuentes-administradores/,301
https://manual.aturnos.com/documentation/2-planificacion/como-copiar-la-planificacion-de-un-trabajador-que-va-a-ser-sustituido/,/manual/gestion-de-personal/preguntas-frecuentes-administradores/,301
https://manual.aturnos.com/documentation/2-planificacion/como-crear-festivos-que-afectan-a-una-localizacion/,/manual/gestion-de-personal/preguntas-frecuentes-administradores/,301
https://manual.aturnos.com/documentation/2-planificacion/como-crear-un-nuevo-puesto-de-atencion/,/manual/gestion-de-personal/preguntas-frecuentes-administradores/,301
https://manual.aturnos.com/documentation/2-planificacion/como-creo-los-turnos-de-trabajo/,/manual/gestion-de-personal/preguntas-frecuentes-administradores/,301
https://manual.aturnos.com/documentation/2-planificacion/como-deshacer-o-borrar-vacaciones-planificadas-en-el-cuadrante/,/manual/gestion-de-personal/preguntas-frecuentes-administradores/,301
https://manual.aturnos.com/documentation/2-planificacion/como-exportar-descargar-el-cuadrante-de-vacaciones-para-poderlo-imprimir/,/manual/gestion-de-personal/preguntas-frecuentes-administradores/,301
https://manual.aturnos.com/documentation/2-planificacion/como-exportar-la-planificacion-de-los-cuadrantes-de-los-trabajadores/,/manual/gestion-de-personal/preguntas-frecuentes-administradores/,301
https://manual.aturnos.com/documentation/2-planificacion/como-extender-la-planificacion-a-los-trabajadores/,/manual/gestion-de-personal/preguntas-frecuentes-administradores/,301
https://manual.aturnos.com/documentation/2-planificacion/como-finiquitar-o-ajustar-las-vacaciones-de-un-trabajador-que-finaliza-su-contrato/,/manual/gestion-de-personal/preguntas-frecuentes-administradores/,301
https://manual.aturnos.com/documentation/2-planificacion/como-funciona-la-fecha-fin-del-periodo-vacacional/,/manual/gestion-de-personal/preguntas-frecuentes-administradores/,301
https://manual.aturnos.com/documentation/2-planificacion/como-hacer-ajustes-de-horas-para-cerrar-el-saldo-anual/,/manual/gestion-de-personal/preguntas-frecuentes-administradores/,301
https://manual.aturnos.com/documentation/2-planificacion/como-modificar-masivamente-la-fecha-fin-del-periodo-vacacional/,/manual/gestion-de-personal/preguntas-frecuentes-administradores/,301
https://manual.aturnos.com/documentation/2-planificacion/como-planificar-anadiendo-turnos-desde-el-cuadrante/,/manual/gestion-de-personal/preguntas-frecuentes-administradores/,301
https://manual.aturnos.com/documentation/2-planificacion/como-planificar-en-aturnos-copiando-la-planificacion-desde-un-excel/,/manual/gestion-de-personal/preguntas-frecuentes-administradores/,301
https://manual.aturnos.com/documentation/2-planificacion/como-planificar-los-turnos-de-propuesta-de-vacaciones-pdv/,/manual/gestion-de-personal/preguntas-frecuentes-administradores/,301
https://manual.aturnos.com/documentation/2-planificacion/como-planificar-los-turnos-de-propuesta-de-vacaciones-pdv/opcion-a-peticiones-de-turno/,/manual/gestion-de-personal/preguntas-frecuentes-administradores/,301
https://manual.aturnos.com/documentation/2-planificacion/como-planificar-los-turnos-de-propuesta-de-vacaciones-pdv/opcion-b-patrones-de-turno/,/manual/gestion-de-personal/preguntas-frecuentes-administradores/,301
https://manual.aturnos.com/documentation/2-planificacion/como-planifico-mi-cuadrante-de-turnos-2/,/manual/gestion-de-personal/preguntas-frecuentes-administradores/,301
https://manual.aturnos.com/documentation/2-planificacion/como-puedo-exportar-el-cuadrante-anual-de-todos-mis-trabajadores/,/manual/gestion-de-personal/preguntas-frecuentes-administradores/,301
https://manual.aturnos.com/documentation/2-planificacion/como-realizar-una-peticion-de-periodos-de-vacaciones-y-como-gestionar-la-peticion-periodos-de-vacaciones/,/manual/gestion-de-personal/preguntas-frecuentes-administradores/,301
https://manual.aturnos.com/documentation/2-planificacion/como-registrar-un-comentarios-en-el-cuadrante-de-turnos/,/manual/gestion-de-personal/preguntas-frecuentes-administradores/,301
https://manual.aturnos.com/documentation/2-planificacion/como-saber-cuantos-dias-de-libre-disposicion-le-quedan-disponible-a-un-trabajador-en-un-ano/,/manual/gestion-de-personal/preguntas-frecuentes-administradores/,301
https://manual.aturnos.com/documentation/2-planificacion/como-se-planifican-en-el-cuadrante-las-vacaciones-naturales-vacaciones-laborables/,/manual/gestion-de-personal/preguntas-frecuentes-administradores/,301
https://manual.aturnos.com/documentation/2-planificacion/como-trasladar-la-planificacion-de-un-equipo-de-trabajo-a-otro/,/manual/gestion-de-personal/preguntas-frecuentes-administradores/,301
https://manual.aturnos.com/documentation/2-planificacion/como-trasladar-saldo-de-vacaciones-al-ano-siguiente/,/manual/gestion-de-personal/preguntas-frecuentes-administradores/,301
https://manual.aturnos.com/documentation/2-planificacion/como-ver-los-turnos-de-dos-equipos-y-distintas-localizaciones-en-una-sola-pantalla/,/manual/gestion-de-personal/preguntas-frecuentes-administradores/,301
https://manual.aturnos.com/documentation/2-planificacion/por-que-no-se-estan-teniendo-en-cuenta-las-restricciones-al-aplicar-patron/,/manual/gestion-de-personal/preguntas-frecuentes-administradores/,301
https://manual.aturnos.com/documentation/2-planificacion/preguntas-frecuentes-sobre-las-restricciones/,/manual/gestion-de-personal/preguntas-frecuentes-administradores/,301
https://manual.aturnos.com/documentation/2-planificacion/preguntas-frecuentes-sobre-las-restricciones/como-anadir-una-restriccion/,/manual/gestion-de-personal/preguntas-frecuentes-administradores/,301
https://manual.aturnos.com/documentation/2-planificacion/preguntas-frecuentes-sobre-las-restricciones/como-comprobar-las-restricciones-a-nivel-de-trabajador/,/manual/gestion-de-personal/preguntas-frecuentes-administradores/,301
https://manual.aturnos.com/documentation/2-planificacion/preguntas-frecuentes-sobre-las-restricciones/como-comprobar-las-restricciones/,/manual/gestion-de-personal/preguntas-frecuentes-administradores/,301
https://manual.aturnos.com/documentation/2-planificacion/que-es-la-calculadora-de-turnos-y-como-se-usa/,/manual/gestion-de-personal/preguntas-frecuentes-administradores/,301
https://manual.aturnos.com/documentation/2-planificacion/que-es-un-patron-de-turnos/,/manual/gestion-de-personal/preguntas-frecuentes-administradores/,301
https://manual.aturnos.com/documentation/2-planificacion/que-ocurre-si-se-aceptan-peticiones-de-vacaciones-tipo-laboral-y-no-existe-planificacion-en-el-cuadrante/,/manual/gestion-de-personal/preguntas-frecuentes-administradores/,301
https://manual.aturnos.com/documentation/2-planificacion/que-son-las-horas-de-vacaciones-pendientes/,/manual/gestion-de-personal/preguntas-frecuentes-administradores/,301
https://manual.aturnos.com/documentation/2-preguntas-control-de-presencia/,/manual/gestion-de-personal/guia-de-usuario/,301
https://manual.aturnos.com/documentation/2-preguntas-control-de-presencia/como-realizo-una-peticion-de-marcaje/,/manual/gestion-de-personal/guia-de-usuario/,301
https://manual.aturnos.com/documentation/2-preguntas-control-de-presencia/como-solicitar-una-modificacion-de-fichajes-para-cambiar-la-entrada-por-una-salida-y-viceversa/,/manual/gestion-de-personal/guia-de-usuario/,301
https://manual.aturnos.com/documentation/2-preguntas-control-de-presencia/como-solicitar-una-modificacion-de-fichajes-para-eliminar-un-fichaje-incorrecto/,/manual/gestion-de-personal/guia-de-usuario/,301
https://manual.aturnos.com/documentation/2-preguntas-control-de-presencia/como-solicitar-una-peticion-para-la-modificacion-de-fichajes-registrados-en-el-control-horario/,/manual/gestion-de-personal/guia-de-usuario/,301
https://manual.aturnos.com/documentation/2-vacaciones-y-permisos-absentismos/,/manual/planificacion/como-empezar-en-aturnos/,301
https://manual.aturnos.com/documentation/2-vacaciones-y-permisos-absentismos/2-1-configurar-las-vacaciones/,/manual/planificacion/como-empezar-en-aturnos/,301
https://manual.aturnos.com/documentation/2-vacaciones-y-permisos-absentismos/2-3-como-asignar-vacaciones-y-absentismos/,/manual/planificacion/como-empezar-en-aturnos/,301
https://manual.aturnos.com/documentation/2-vacaciones-y-permisos-absentismos/2-3-configurar-los-absentismos/,/manual/planificacion/como-empezar-en-aturnos/,301
https://manual.aturnos.com/documentation/3-cambio-por-libre-devolviendo-el-cambio/,/manual/peticiones-y-cambios/cambios-de-turno/,301
https://manual.aturnos.com/documentation/3-el-cuadrante/,/manual/planificacion/como-empezar-en-aturnos/,301
https://manual.aturnos.com/documentation/3-el-cuadrante/3-1-partes-y-funcionamiento-del-cuadrante/,/manual/planificacion/como-empezar-en-aturnos/,301
https://manual.aturnos.com/documentation/3-el-cuadrante/3-2-consejos-para-planificar-desde-el-cuadrante/,/manual/planificacion/como-empezar-en-aturnos/,301
https://manual.aturnos.com/documentation/3-el-cuadrante/3-3-copiar-pegar-planificacion-de-excel-al-cuadrante/,/manual/planificacion/como-empezar-en-aturnos/,301
https://manual.aturnos.com/documentation/3-fin-de-fase-de-implantacion/,/manual/gestion-de-personal/gestion-de-proyectos/,301
https://manual.aturnos.com/documentation/3-gestion-diaria/,/manual/gestion-de-personal/preguntas-frecuentes-administradores/,301
https://manual.aturnos.com/documentation/3-gestion-diaria/como-afecta-la-aplicacion-de-un-periodo-de-absentismo-por-excedencia-suspension-a-las-horas-contrato-y-vacaciones-de-un-trabajador/,/manual/gestion-de-personal/preguntas-frecuentes-administradores/,301
https://manual.aturnos.com/documentation/3-gestion-diaria/como-anadir-periodos-de-absentismos/,/manual/gestion-de-personal/preguntas-frecuentes-administradores/,301
https://manual.aturnos.com/documentation/3-gestion-diaria/como-borrar-periodos-de-absentismos/,/manual/gestion-de-personal/preguntas-frecuentes-administradores/,301
https://manual.aturnos.com/documentation/3-gestion-diaria/como-cerrar-el-cuadrante-de-solo-un-trabajador/,/manual/gestion-de-personal/preguntas-frecuentes-administradores/,301
https://manual.aturnos.com/documentation/3-gestion-diaria/como-crear-una-bolsa-para-compensar-la-horas-exceso-y-defecto-de-jornada/,/manual/gestion-de-personal/preguntas-frecuentes-administradores/,301
https://manual.aturnos.com/documentation/3-gestion-diaria/como-gestionar-los-absentismos-de-trabajo/,/manual/gestion-de-personal/preguntas-frecuentes-administradores/,301
https://manual.aturnos.com/documentation/3-gestion-diaria/como-hacer-cambios-de-turnos-de-los-trabajadores/,/manual/gestion-de-personal/preguntas-frecuentes-administradores/,301
https://manual.aturnos.com/documentation/3-gestion-diaria/como-informar-de-un-periodo-de-excedencia-a-un-trabajador/,/manual/gestion-de-personal/preguntas-frecuentes-administradores/,301
https://manual.aturnos.com/documentation/3-gestion-diaria/como-puedo-deshacer-unas-vacaciones-ya-aprobadas/,/manual/gestion-de-personal/preguntas-frecuentes-administradores/,301
https://manual.aturnos.com/documentation/3-gestion-diaria/como-puedo-gestionar-las-peticiones-de-absentismos-turnos-horas-y-jornadas-libres/,/manual/gestion-de-personal/preguntas-frecuentes-administradores/,301
https://manual.aturnos.com/documentation/3-gestion-diaria/como-puedo-gestionar-las-vacaciones/,/manual/gestion-de-personal/preguntas-frecuentes-administradores/,301
https://manual.aturnos.com/documentation/3-gestion-diaria/como-realizar-traslado-y-ajustes-de-vacaciones-de-un-ano-a-otro/,/manual/gestion-de-personal/preguntas-frecuentes-administradores/,301
https://manual.aturnos.com/documentation/3-gestion-diaria/donde-puedo-revisar-el-saldo-de-horas-de-mis-trabajadores/,/manual/gestion-de-personal/preguntas-frecuentes-administradores/,301
https://manual.aturnos.com/documentation/3-gestion-diaria/he-creado-un-nuevo-periodo-de-contrato-por-error-como-lo-elimino/,/manual/gestion-de-personal/preguntas-frecuentes-administradores/,301
https://manual.aturnos.com/documentation/3-planificacion/,/manual/gestion-de-personal/preguntas-frecuentes-del-trabajador/,301
https://manual.aturnos.com/documentation/3-planificacion/como-apuntarse-a-un-turno-ofertado/,/manual/gestion-de-personal/preguntas-frecuentes-del-trabajador/,301
https://manual.aturnos.com/documentation/3-planificacion/como-puedo-cambiar-de-turno-con-un-companero/,/manual/gestion-de-personal/preguntas-frecuentes-del-trabajador/,301
https://manual.aturnos.com/documentation/3-planificacion/como-puedo-pedir-vacaciones-permisos-absentismos-turnos-horas-o-jornadas-libres/,/manual/gestion-de-personal/preguntas-frecuentes-del-trabajador/,301
https://manual.aturnos.com/documentation/3-planificacion/como-ver-mi-cuadrante-anual-con-todos-los-turnos-cuando-he-estado-en-varios-equipos-en-un-ano/,/manual/gestion-de-personal/preguntas-frecuentes-del-trabajador/,301
https://manual.aturnos.com/documentation/3-planificacion/por-que-no-me-aparece-la-opcion-de-cambio-de-turno-con-otro-companero/,/manual/gestion-de-personal/preguntas-frecuentes-del-trabajador/,301
https://manual.aturnos.com/documentation/3-preguntas-app/,/manual/gestion-de-personal/guia-de-usuario/,301
https://manual.aturnos.com/documentation/3-preguntas-app/como-accedo-a-los-diferentes-menus-de-la-ultima-actualizacion-de-la-app/,/manual/gestion-de-personal/guia-de-usuario/,301
https://manual.aturnos.com/documentation/3-preguntas-app/como-descargar-documentos-desde-la-app/,/manual/gestion-de-personal/guia-de-usuario/,301
https://manual.aturnos.com/documentation/3-preguntas-app/como-recuperar-contrasena-desde-la-app/,/manual/gestion-de-personal/guia-de-usuario/,301
https://manual.aturnos.com/documentation/3-preguntas-app/como-ver-mis-marcajes-realizados-en-el-control-de-presencia-en-la-app/,/manual/gestion-de-personal/guia-de-usuario/,301
https://manual.aturnos.com/documentation/3-preguntas-app/se-me-ha-olvidado-fichar-como-hacer-una-peticion-de-marcajes-por-el-movil/,/manual/gestion-de-personal/guia-de-usuario/,301
https://manual.aturnos.com/documentation/3-proceso-de-exportacion-a-nominas/,/manual/costes-y-nominas/guia-exportacion-nominas/,301
https://manual.aturnos.com/documentation/3-time-and-attendance-settings-and-management/,/manual/general/guide-tui/,301
https://manual.aturnos.com/documentation/3-time-and-attendance-settings-and-management/how-to-create-locations/,/manual/general/guide-tui/,301
https://manual.aturnos.com/documentation/3-time-and-attendance-settings-and-management/how-to-manage-checkins-outs/,/manual/general/guide-tui/,301
https://manual.aturnos.com/documentation/3-time-and-attendance-settings-and-management/how-to-see-the-origin-of-ckeckins-outs/,/manual/general/guide-tui/,301
https://manual.aturnos.com/documentation/3-time-and-attendance-settings-and-management/how-to-see-time-planned-vs-worked/,/manual/general/guide-tui/,301
https://manual.aturnos.com/documentation/4-control-de-presencia-2/,/manual/gestion-de-personal/preguntas-frecuentes-administradores/,301
https://manual.aturnos.com/documentation/4-control-de-presencia-2/balance-de-las-horas-computadas-y-presenciales-horas-de-contrato/,/manual/gestion-de-personal/preguntas-frecuentes-administradores/,301
https://manual.aturnos.com/documentation/4-control-de-presencia-2/como-configurar-fichaje-por-geolocalizacion/,/manual/gestion-de-personal/preguntas-frecuentes-administradores/,301
https://manual.aturnos.com/documentation/4-control-de-presencia-2/como-configurar-peticiones-de-fichajes-auto-aprobables/,/manual/gestion-de-personal/preguntas-frecuentes-administradores/,301
https://manual.aturnos.com/documentation/4-control-de-presencia-2/como-configuro-el-fichaje-por-ip-privada/,/manual/gestion-de-personal/preguntas-frecuentes-administradores/,301
https://manual.aturnos.com/documentation/4-control-de-presencia-2/como-configuro-mis-sistemas-biometricos/,/manual/gestion-de-personal/preguntas-frecuentes-administradores/,301
https://manual.aturnos.com/documentation/4-control-de-presencia-2/como-crear-tipos-de-marcaje/,/manual/gestion-de-personal/preguntas-frecuentes-administradores/,301
https://manual.aturnos.com/documentation/4-control-de-presencia-2/como-descargar-el-informe-de-control-de-presencia-de-mas-de-un-equipo/,/manual/gestion-de-personal/preguntas-frecuentes-administradores/,301
https://manual.aturnos.com/documentation/4-control-de-presencia-2/como-gestiono-el-control-de-presencia/,/manual/gestion-de-personal/preguntas-frecuentes-administradores/,301
https://manual.aturnos.com/documentation/4-control-de-presencia-2/como-puedo-anadir-un-nuevo-usuario-en-el-fichaje-de-los-dispositivos-biostar2/,/manual/gestion-de-personal/preguntas-frecuentes-administradores/,301
https://manual.aturnos.com/documentation/4-control-de-presencia-2/como-saber-que-trabajadores-fichan-dentro-de-su-planificacion-de-turnos/,/manual/gestion-de-personal/preguntas-frecuentes-administradores/,301
https://manual.aturnos.com/documentation/4-control-de-presencia-2/como-saber-que-trabajadores-tienen-tarjeta-asignada-para-fichar-en-biostar/,/manual/gestion-de-personal/preguntas-frecuentes-mediamarkt/,301
https://manual.aturnos.com/documentation/4-control-de-presencia-2/configurar-el-control-de-presencia-para-fichar-en-remoto/,/manual/gestion-de-personal/preguntas-frecuentes-administradores/,301
https://manual.aturnos.com/documentation/4-control-de-presencia-2/no-se-han-registrado-los-fichajes-en-aturnos-como-comprobar-los-fichajes-en-biostar/,/manual/gestion-de-personal/preguntas-frecuentes-administradores/,301
https://manual.aturnos.com/documentation/4-control-de-presencia-2/por-que-cuando-se-ficha-entrada-se-marca-como-salida-y-viceversa/,/manual/gestion-de-personal/preguntas-frecuentes-administradores/,301
https://manual.aturnos.com/documentation/4-control-de-presencia-2/por-que-no-aparece-el-boton-de-fichaje/,/manual/gestion-de-personal/preguntas-frecuentes-administradores/,301
https://manual.aturnos.com/documentation/4-control-de-presencia-2/que-es-el-fichaje-por-dispositivo/,/manual/gestion-de-personal/preguntas-frecuentes-administradores/,301
https://manual.aturnos.com/documentation/4-control-de-presencia/,/manual/planificacion/como-empezar-en-aturnos/,301
https://manual.aturnos.com/documentation/4-control-de-presencia/4-1-configuracion/,/manual/planificacion/como-empezar-en-aturnos/,301
https://manual.aturnos.com/documentation/4-control-de-presencia/4-2-elegir-sistema-para-fichar/,/manual/planificacion/como-empezar-en-aturnos/,301
https://manual.aturnos.com/documentation/4-control-de-presencia/4-3-gestionar-y-ajustar-los-marcajes/,/manual/planificacion/como-empezar-en-aturnos/,301
https://manual.aturnos.com/documentation/4-control-de-presencia/4-5-que-ocurre-si-tengo-muchos-usuarios-en-el-equipo/,/manual/planificacion/como-empezar-en-aturnos/,301
https://manual.aturnos.com/documentation/4-control-de-presencia/4-6-como-puedo-saber-el-punto-exacto-desde-el-cual-ha-fichado-el-usuario/,/manual/planificacion/como-empezar-en-aturnos/,301
https://manual.aturnos.com/documentation/4-control-de-presencia/como-configurar-el-control-de-presencia-para-fichar-en-remoto/,/manual/planificacion/como-empezar-en-aturnos/,301
https://manual.aturnos.com/documentation/4-doblaje-de-turno/,/manual/peticiones-y-cambios/cambios-de-turno/,301
https://manual.aturnos.com/documentation/4-plan-de-formacion-para-la-implantacion/,/manual/gestion-de-personal/gestion-de-proyectos/,301
https://manual.aturnos.com/documentation/4-plan-de-formacion-para-la-implantacion/4-1-formacion-de-parametrizacion/,/manual/gestion-de-personal/gestion-de-proyectos/,301
https://manual.aturnos.com/documentation/4-plan-de-formacion-para-la-implantacion/4-2-formacion-de-planificacion/,/manual/gestion-de-personal/gestion-de-proyectos/,301
https://manual.aturnos.com/documentation/4-plan-de-formacion-para-la-implantacion/4-3-formacion-de-operativa-y-planificaciones-diarias/,/manual/gestion-de-personal/gestion-de-proyectos/,301
https://manual.aturnos.com/documentation/4-plan-de-formacion-para-la-implantacion/4-4-formacion-de-rrhh/,/manual/gestion-de-personal/gestion-de-proyectos/,301
https://manual.aturnos.com/documentation/4-plan-de-formacion-para-la-implantacion/5-planificacion-automatica/,/manual/gestion-de-personal/gestion-de-proyectos/,301
https://manual.aturnos.com/documentation/4-plan-de-formacion-para-la-implantacion/6-control-horario/,/manual/gestion-de-personal/gestion-de-proyectos/,301
https://manual.aturnos.com/documentation/4-plan-de-formacion-para-la-implantacion/7-que-es-y-por-que-recomendamos-identificar-un-key-user/,/manual/gestion-de-personal/gestion-de-proyectos/,301
https://manual.aturnos.com/documentation/4-preguntas-gestion-diaria/,/manual/gestion-de-personal/guia-de-usuario/,301
https://manual.aturnos.com/documentation/4-preguntas-gestion-diaria/como-cambiar-el-detalle-del-cuadrante/,/manual/gestion-de-personal/guia-de-usuario/,301
https://manual.aturnos.com/documentation/4-preguntas-gestion-diaria/como-cambiar-la-vista-del-cuadrante/,/manual/gestion-de-personal/guia-de-usuario/,301
https://manual.aturnos.com/documentation/4-preguntas-gestion-diaria/como-funciona-el-proceso-de-hacer-cambio-para-solicitar-un-cambio-de-turno-con-un-companero/,/manual/gestion-de-personal/guia-de-usuario/,301
https://manual.aturnos.com/documentation/4-tabla-de-cobertura-y-operativa-diaria/,/manual/gestion-de-personal/transporte-y-reparto/,301
https://manual.aturnos.com/documentation/4-tipos-de-conceptos-en-nomina/,/manual/costes-y-nominas/guia-exportacion-nominas/,301
https://manual.aturnos.com/documentation/5-control-de-presencia/,/manual/gestion-de-personal/preguntas-frecuentes-del-trabajador/,301
https://manual.aturnos.com/documentation/5-control-de-presencia/como-puedo-fichar-mi-marcaje-de-inicio-y-fin-de-la-jornada/,/manual/gestion-de-personal/preguntas-frecuentes-del-trabajador/,301
https://manual.aturnos.com/documentation/5-control-de-presencia/donde-puedo-ver-mis-fichajes-de-registro-de-jornada-diaria/,/manual/gestion-de-personal/preguntas-frecuentes-del-trabajador/,301
https://manual.aturnos.com/documentation/5-control-de-presencia/se-me-ha-olvidado-fichar-como-solicito-una-peticion-de-marcaje/,/manual/gestion-de-personal/preguntas-frecuentes-del-trabajador/,301
https://manual.aturnos.com/documentation/5-estadisticas/,/manual/costes-y-nominas/guia-exportacion-nominas/,301
https://manual.aturnos.com/documentation/5-reportes-y-estadisticas/,/manual/gestion-de-personal/preguntas-frecuentes-administradores/,301
https://manual.aturnos.com/documentation/5-reportes-y-estadisticas/como-revisar-en-el-registro-las-acciones-que-realizan-los-usuarios-en-aturnos/,/manual/gestion-de-personal/preguntas-frecuentes-administradores/,301
https://manual.aturnos.com/documentation/5-reportes-y-estadisticas/que-valor-indica-y-para-que-sirve-el-status-presencia-horas-contrato/,/manual/control-horario/que-valor-indica-y-para-que-sirve-el-status-presencia-horas-contrato/,301
https://manual.aturnos.com/documentation/5-reportes-y-estadisticas/que-valor-indica-y-para-que-sirve-el-status-presencia-horas-contrato/13142-2/,/manual/gestion-de-personal/preguntas-frecuentes-administradores/,301
https://manual.aturnos.com/documentation/5-reportes-y-estadisticas/que-valores-y-para-que-sirve-el-status-presencia-horas-contrato/,/manual/gestion-de-personal/preguntas-frecuentes-administradores/,301
https://manual.aturnos.com/documentation/6-ejemplo-nominas/,/manual/costes-y-nominas/guia-exportacion-nominas/,301
https://manual.aturnos.com/documentation/6-preguntas-de-rrhh-superusuario/,/manual/gestion-de-personal/preguntas-frecuentes-administradores/,301
https://manual.aturnos.com/documentation/6-preguntas-de-rrhh-superusuario/como-actualizar-de-forma-masiva-los-dias-de-vacaciones-tras-el-cambio-de-convenio-colectivo/,/manual/gestion-de-personal/preguntas-frecuentes-administradores/,301
https://manual.aturnos.com/documentation/6-preguntas-de-rrhh-superusuario/como-cambiar-a-un-trabajador-a-un-nuevo-equipo-en-un-nuevo-periodo/,/manual/gestion-de-personal/preguntas-frecuentes-administradores/,301
https://manual.aturnos.com/documentation/6-preguntas-de-rrhh-superusuario/como-cambiar-datos-en-bloque-a-trabajadores-de-uno-o-mas-equipos/,/manual/gestion-de-personal/preguntas-frecuentes-administradores/,301
https://manual.aturnos.com/documentation/6-preguntas-de-rrhh-superusuario/como-cerrar-equipos-de-forma-masiva/,/manual/gestion-de-personal/preguntas-frecuentes-administradores/,301
https://manual.aturnos.com/documentation/6-preguntas-de-rrhh-superusuario/como-configurar-la-tabla-de-reportes-de-trabajadores-y-equipos/,/manual/gestion-de-personal/preguntas-frecuentes-administradores/,301
https://manual.aturnos.com/documentation/6-preguntas-de-rrhh-superusuario/como-consultar-la-informacion-de-datos-que-ha-llegado-de-sap-a-aturnos-consulta-del-api/,/manual/gestion-de-personal/preguntas-frecuentes-administradores/,301
https://manual.aturnos.com/documentation/6-preguntas-de-rrhh-superusuario/como-eliminar-periodos-de-un-trabajador-desde-rrhh/,/manual/gestion-de-personal/preguntas-frecuentes-administradores/,301
https://manual.aturnos.com/documentation/6-preguntas-de-rrhh-superusuario/como-exportar-todos-los-cuadrante-anuales-de-mis-equipos-en-pdf/,/manual/gestion-de-personal/preguntas-frecuentes-administradores/,301
https://manual.aturnos.com/documentation/6-preguntas-de-rrhh-superusuario/como-generar-y-obtener-reportes-por-trabajador/,/manual/gestion-de-personal/preguntas-frecuentes-administradores/,301
https://manual.aturnos.com/documentation/6-preguntas-de-rrhh-superusuario/como-migrar-saldo-de-horas-de-un-ano-al-siguiente/,/manual/gestion-de-personal/preguntas-frecuentes-administradores/,301
https://manual.aturnos.com/documentation/6-preguntas-de-rrhh-superusuario/como-migrar-saldo-de-vacaciones-al-ano-siguiente/,/manual/gestion-de-personal/preguntas-frecuentes-administradores/,301
https://manual.aturnos.com/documentation/6-preguntas-de-rrhh-superusuario/como-modificar-las-horas-ano-de-los-trabajadores-por-una-modificacion-de-convenio-colectivo/,/manual/gestion-de-personal/preguntas-frecuentes-administradores/,301
https://manual.aturnos.com/documentation/6-preguntas-de-rrhh-superusuario/como-mover-un-trabajador-de-un-equipo-a-otro-desde-el-maestro-de-empleado/,/manual/gestion-de-personal/preguntas-frecuentes-administradores/,301
https://manual.aturnos.com/documentation/6-preguntas-de-rrhh-superusuario/como-recuperar-la-planificacion-de-un-trabajador-cuando-se-ha-borrado/,/manual/gestion-de-personal/preguntas-frecuentes-administradores/,301
https://manual.aturnos.com/documentation/6-preguntas-de-rrhh-superusuario/reporte-de-varios-equipos/,/manual/gestion-de-personal/preguntas-frecuentes-administradores/,301
https://manual.aturnos.com/documentation/6-preguntas-de-rrhh-superusuario/superusuario-como-dar-de-alta-un-trabajador-que-ha-sido-dado-de-baja/,/manual/gestion-de-personal/preguntas-frecuentes-administradores/,301
https://manual.aturnos.com/documentation/activar-la-integracion-de-importacion-de-trabajadores-desde-aturnos/,/manual/integraciones-y-api/integracion-con-personio/,301
https://manual.aturnos.com/documentation/additional-features/,/manual/planificacion/aturnos-manual/,301
https://manual.aturnos.com/documentation/additional-features/time-and-attendance/,/manual/planificacion/aturnos-manual/,301
https://manual.aturnos.com/documentation/additional-features/time-and-attendance/approving-denying-check-in-out-requests/,/manual/planificacion/aturnos-manual/,301
https://manual.aturnos.com/documentation/additional-features/time-and-attendance/time-control/,/manual/planificacion/aturnos-manual/,301
https://manual.aturnos.com/documentation/administrators-guide/,/manual/planificacion/aturnos-manual/,301
https://manual.aturnos.com/documentation/administrators-guide/managing/,/manual/planificacion/aturnos-manual/,301
https://manual.aturnos.com/documentation/administrators-guide/managing/request-and-changes/,/manual/planificacion/aturnos-manual/,301
https://manual.aturnos.com/documentation/administrators-guide/managing/widgets/,/manual/planificacion/aturnos-manual/,301
https://manual.aturnos.com/documentation/administrators-guide/planning/,/manual/planificacion/aturnos-manual/,301
https://manual.aturnos.com/documentation/administrators-guide/planning/add-shifts/,/manual/planificacion/aturnos-manual/,301
https://manual.aturnos.com/documentation/administrators-guide/planning/restrictions/,/manual/planificacion/aturnos-manual/,301
https://manual.aturnos.com/documentation/administrators-guide/planning/restrictions/about-weekends/,/manual/planificacion/aturnos-manual/,301
https://manual.aturnos.com/documentation/administrators-guide/planning/restrictions/changes/,/manual/planificacion/aturnos-manual/,301
https://manual.aturnos.com/documentation/administrators-guide/planning/restrictions/days-off-and-days-scheduled/,/manual/planificacion/aturnos-manual/,301
https://manual.aturnos.com/documentation/administrators-guide/planning/restrictions/demands-and-tasks/,/manual/planificacion/aturnos-manual/,301
https://manual.aturnos.com/documentation/administrators-guide/planning/restrictions/employees-hours-limit-2/,/manual/planificacion/aturnos-manual/,301
https://manual.aturnos.com/documentation/administrators-guide/planning/restrictions/employees-hours-limit/,/manual/planificacion/aturnos-manual/,301
https://manual.aturnos.com/documentation/administrators-guide/planning/restrictions/holidays-bank-holidays-and-bags-of-hours/,/manual/planificacion/aturnos-manual/,301
https://manual.aturnos.com/documentation/administrators-guide/planning/restrictions/locations-and-time-control/,/manual/planificacion/aturnos-manual/,301
https://manual.aturnos.com/documentation/administrators-guide/planning/restrictions/requests/,/manual/planificacion/aturnos-manual/,301
https://manual.aturnos.com/documentation/administrators-guide/planning/restrictions/shift-and-absences-restrictions/,/manual/planificacion/aturnos-manual/,301
https://manual.aturnos.com/documentation/administrators-guide/planning/shift-calculator/,/manual/planificacion/aturnos-manual/,301
https://manual.aturnos.com/documentation/administrators-guide/planning/shift-patterns/,/manual/planificacion/aturnos-manual/,301
https://manual.aturnos.com/documentation/administrators-guide/reports/,/manual/planificacion/aturnos-manual/,301
https://manual.aturnos.com/documentation/administrators-guide/reports/employees-reports/,/manual/planificacion/aturnos-manual/,301
https://manual.aturnos.com/documentation/administrators-guide/reports/statistics-by-default/,/manual/planificacion/aturnos-manual/,301
https://manual.aturnos.com/documentation/algoritmos-planificacion-personal-transporte-reparto/,/manual/gestion-de-personal/transporte-y-reparto/,301
https://manual.aturnos.com/documentation/cambios-en-la-configuracion-de-exportacion-de-fichajes-de-personio/,/manual/integraciones-y-api/integracion-con-personio/,301
https://manual.aturnos.com/documentation/como-configurar-la-herramienta-de-cita-previa/,/manual/cita-previa/herramienta-de-cita-previa/,301
https://manual.aturnos.com/documentation/como-configurar-la-herramienta-de-cita-previa/como-aplicar-los-horarios/,/manual/cita-previa/herramienta-de-cita-previa/,301
https://manual.aturnos.com/documentation/como-configurar-la-herramienta-de-cita-previa/como-crear-mas-trabajadores-para-atender-a-los-clientes/,/manual/cita-previa/herramienta-de-cita-previa/,301
https://manual.aturnos.com/documentation/como-configurar-la-herramienta-de-cita-previa/como-crear-o-editar-los-horarios-en-los-que-se-pueden-reservar-citas/,/manual/cita-previa/herramienta-de-cita-previa/,301
https://manual.aturnos.com/documentation/como-configurar-la-herramienta-de-cita-previa/como-crear-o-editar-los-servicios-que-pueden-reservar-los-clientes/,/manual/cita-previa/herramienta-de-cita-previa/,301
https://manual.aturnos.com/documentation/como-configurar-la-herramienta-de-cita-previa/como-indicar-que-servicio-puede-atender-cada-trabajador/,/manual/cita-previa/herramienta-de-cita-previa/,301
https://manual.aturnos.com/documentation/como-empezar-inmediatamente-herramienta-cita-previa/,/manual/cita-previa/herramienta-de-cita-previa/,301
https://manual.aturnos.com/documentation/como-es-el-formulario-que-tienen-que-rellenar-mis-clientes-para-reservar-una-cita-previa/,/manual/cita-previa/herramienta-de-cita-previa/,301
https://manual.aturnos.com/documentation/como-generar-un-enlace-nuevo/,/manual/cita-previa/herramienta-de-cita-previa/,301
https://manual.aturnos.com/documentation/como-gestionar-las-citas-que-reservan-mis-clientes/,/manual/cita-previa/herramienta-de-cita-previa/,301
https://manual.aturnos.com/documentation/como-gestionar-las-citas-que-reservan-mis-clientes/gestion-de-citas-tareas-desde-la-app/,/manual/cita-previa/herramienta-de-cita-previa/,301
https://manual.aturnos.com/documentation/como-gestionar-las-citas-que-reservan-mis-clientes/gestion-de-citas-tareas-desde-la-version-del-navegador/,/manual/cita-previa/herramienta-de-cita-previa/,301
https://manual.aturnos.com/documentation/como-realizar-la-exportacion-de-fichajes-desde-aturnos-a-personio/,/manual/integraciones-y-api/integracion-con-personio/,301
https://manual.aturnos.com/documentation/como-realizar-los-ajustes-de-horas-compensacion-de-tiempos/,/manual/planificacion/guia-de-tui/,301
https://manual.aturnos.com/documentation/como-ver-y-gestionar-mi-equipo/,/manual/planificacion/guia-de-tui/,301
https://manual.aturnos.com/documentation/como-volver-a-obtener-las-credenciales-del-api-de-personio/,/manual/integraciones-y-api/integracion-con-personio/,301
https://manual.aturnos.com/documentation/configuracion-de-raspberry-para-fila-unica/,/manual/gestion-de-personal/preguntas-frecuentes-mediamarkt/,301
https://manual.aturnos.com/documentation/consejos-para-completar-y-corregir-errores-en-el-cuadrante-de-los-trabajadores/,/manual/planificacion/guia-de-tui/,301
https://manual.aturnos.com/documentation/control-de-presencia-time-and-attendance/,/manual/planificacion/guia-de-tui/,301
https://manual.aturnos.com/documentation/control-de-presencia-time-and-attendance/4-3-gestionar-y-ajustar-los-marcajes-2/,/manual/planificacion/guia-de-tui/,301
https://manual.aturnos.com/documentation/control-de-presencia-time-and-attendance/como-consultar-los-saldos-de-horas-trabajadas-en-comparacion-con-las-planificadas-de-los-trabajadores/,/manual/planificacion/guia-de-tui/,301
https://manual.aturnos.com/documentation/control-de-presencia-time-and-attendance/como-crear-localizaciones-y-definirlas-reps/,/manual/planificacion/guia-de-tui/,301
https://manual.aturnos.com/documentation/control-de-presencia-time-and-attendance/como-visualizar-el-origen-de-los-marcajes-de-los-trabajadores/,/manual/planificacion/guia-de-tui/,301
https://manual.aturnos.com/documentation/demanda-personal-transporte-reparto/,/manual/gestion-de-personal/transporte-y-reparto/,301
https://manual.aturnos.com/documentation/dudas-del-cem-administador/,/manual/gestion-de-personal/preguntas-frecuentes-mediamarkt/,301
https://manual.aturnos.com/documentation/dudas-del-trabajadores-del-puesto/,/manual/gestion-de-personal/preguntas-frecuentes-mediamarkt/,301
https://manual.aturnos.com/documentation/dudas-sobre-la-llamada-de-las-citas/,/manual/gestion-de-personal/preguntas-frecuentes-mediamarkt/,301
https://manual.aturnos.com/documentation/dudas-sobre-la-planificacion/,/manual/gestion-de-personal/preguntas-frecuentes-mediamarkt/,301
https://manual.aturnos.com/documentation/el-icono-de-solicitar-cita-aparece-con-un-tono-apagado-y-solo-permite-pedir-cita-para-otro-dia/,/manual/gestion-de-personal/preguntas-frecuentes-mediamarkt/,301
https://manual.aturnos.com/documentation/empleados-transporte-reparto/,/manual/gestion-de-personal/transporte-y-reparto/,301
https://manual.aturnos.com/documentation/employees-guide/,/manual/planificacion/aturnos-manual/,301
https://manual.aturnos.com/documentation/employees-guide/employee-guide-browser/,/manual/planificacion/aturnos-manual/,301
https://manual.aturnos.com/documentation/employees-guide/homepage-usersprofile/,/manual/planificacion/aturnos-manual/,301
https://manual.aturnos.com/documentation/employees-guide/requests/,/manual/planificacion/aturnos-manual/,301
https://manual.aturnos.com/documentation/employees-guide/shift-swaps/,/manual/planificacion/aturnos-manual/,301
https://manual.aturnos.com/documentation/hay-citas-que-no-pueden-ser-llamadas/,/manual/gestion-de-personal/preguntas-frecuentes-mediamarkt/,301
https://manual.aturnos.com/documentation/horarios-especiales/,/manual/gestion-de-personal/preguntas-frecuentes-mediamarkt/,301
https://manual.aturnos.com/documentation/how-can-i-see-and-manage-my-team/,/manual/general/guide-tui/,301
https://manual.aturnos.com/documentation/how-to-do-hours-settings-compensate-time/,/manual/general/guide-tui/,301
https://manual.aturnos.com/documentation/how-to-manage-requests-annual-leaves-and-abscences/,/manual/general/guide-tui/,301
https://manual.aturnos.com/documentation/how-to-schedule-your-team-2/,/manual/general/guide-tui/,301
https://manual.aturnos.com/documentation/how-to-schedule-your-team-2/2-create-patterns/,/manual/general/guide-tui/,301
https://manual.aturnos.com/documentation/how-to-schedule-your-team-2/2-create-patterns/fixed-shifts/,/manual/general/guide-tui/,301
https://manual.aturnos.com/documentation/how-to-schedule-your-team-2/2-create-patterns/random-shifts/,/manual/general/guide-tui/,301
https://manual.aturnos.com/documentation/how-to-schedule-your-team-2/2-create-patterns/rotations/,/manual/general/guide-tui/,301
https://manual.aturnos.com/documentation/how-to-schedule-your-team-2/how-to-apply-a-pattern/,/manual/general/guide-tui/,301
https://manual.aturnos.com/documentation/how-to-schedule-your-team-2/how-to-create-shifts/,/manual/general/guide-tui/,301
https://manual.aturnos.com/documentation/how-to-schedule-your-team-2/location-management-reps/,/manual/general/guide-tui/,301
https://manual.aturnos.com/documentation/how-to-schedule-your-team/,/manual/general/guide-tui/,301
https://manual.aturnos.com/documentation/how-to-schedule-your-team/fixed-shifts-2/,/manual/general/guide-tui/,301
https://manual.aturnos.com/documentation/how-to-schedule-your-team/fixed-shifts/,/manual/general/guide-tui/,301
https://manual.aturnos.com/documentation/how-to-schedule-your-team/how-to-create-shifts/,/manual/general/guide-tui/,301
https://manual.aturnos.com/documentation/how-to-schedule-your-team/random-shifts/,/manual/general/guide-tui/,301
https://manual.aturnos.com/documentation/how-to-schedule-your-team/rotations/,/manual/general/guide-tui/,301
https://manual.aturnos.com/documentation/how-to-set-time-and-attendance-for-your-team/,/manual/general/guide-tui/,301
https://manual.aturnos.com/documentation/how-to-set-time-and-attendance-for-your-team/geolocation/,/manual/general/guide-tui/,301
https://manual.aturnos.com/documentation/how-to-set-time-and-attendance-for-your-team/how-to-manage-checkin-out-requests/,/manual/general/guide-tui/,301
https://manual.aturnos.com/documentation/imprime-el-ticket-pero-no-corta-el-papel/,/manual/gestion-de-personal/preguntas-frecuentes-mediamarkt/,301
https://manual.aturnos.com/documentation/integracion-personio-aturnos/,/manual/integraciones-y-api/integracion-con-personio/,301
https://manual.aturnos.com/documentation/introduccion-2/,/manual/general/introduccion-2/,301
https://manual.aturnos.com/documentation/introduccion-3/,/manual/peticiones-y-cambios/cambios-de-turno/,301
https://manual.aturnos.com/documentation/introduccion-planificacion-transporte-y-reparto/,/manual/gestion-de-personal/transporte-y-reparto/,301
https://manual.aturnos.com/documentation/introduccion/,/manual/planificacion/guia-de-tui/,301
https://manual.aturnos.com/documentation/introduction-2/,/manual/general/guide-tui/,301
https://manual.aturnos.com/documentation/introduction/,/manual/general/guide-tui/,301
https://manual.aturnos.com/documentation/la-pantalla-del-kiosko-esta-en-blanco/,/manual/gestion-de-personal/preguntas-frecuentes-mediamarkt/,301
https://manual.aturnos.com/documentation/las-pantallas-con-las-que-se-realizan-las-llamadas-a-los-clientes-estan-en-blanco-o-en-negro/,/manual/gestion-de-personal/preguntas-frecuentes-mediamarkt/,301
https://manual.aturnos.com/documentation/maestro-de-empleados-para-el-sector-sanitario/,/manual/planificacion/sanidad/,301
https://manual.aturnos.com/documentation/modificacion-de-los-horarios-de-apertura/,/manual/gestion-de-personal/preguntas-frecuentes-mediamarkt/,301
https://manual.aturnos.com/documentation/no-aparecen-los-iconos-para-solicitar-cita/,/manual/gestion-de-personal/preguntas-frecuentes-mediamarkt/,301
https://manual.aturnos.com/documentation/no-hay-aviso-sonoro-2/,/manual/gestion-de-personal/preguntas-frecuentes-mediamarkt/,301
https://manual.aturnos.com/documentation/no-hay-aviso-sonoro/,/manual/general/no-hay-aviso-sonoro/,301
https://manual.aturnos.com/documentation/no-se-imprimen-los-tickets-se-visualiza-el-mensaje-recoja-su-ticket-pero-no-sale-el-papel/,/manual/gestion-de-personal/preguntas-frecuentes-mediamarkt/,301
https://manual.aturnos.com/documentation/no-se-pueden-hacer-llamadas-se-ha-borrado-el-acceso-directo-del-escritorio/,/manual/gestion-de-personal/preguntas-frecuentes-mediamarkt/,301
https://manual.aturnos.com/documentation/no-se-quiere-seguir-atendiendo-mas-clientes/,/manual/gestion-de-personal/preguntas-frecuentes-mediamarkt/,301
https://manual.aturnos.com/documentation/obtener-credenciales-en-personio/,/manual/integraciones-y-api/integracion-con-personio/,301
https://manual.aturnos.com/documentation/operativa-diaria-en-la-gestion-de-personal-sanitario/,/manual/planificacion/sanidad/,301
https://manual.aturnos.com/documentation/planificacion-para-personal-del-sector-sanitario/,/manual/planificacion/sanidad/,301
https://manual.aturnos.com/documentation/planificacion-para-personal-del-sector-sanitario/1-planificacion-para-medicos/,/manual/planificacion/sanidad/,301
https://manual.aturnos.com/documentation/planificacion-para-personal-del-sector-sanitario/2-planificacion-para-enfermeria/,/manual/planificacion/sanidad/,301
https://manual.aturnos.com/documentation/planificacion-para-personal-del-sector-sanitario/2-planificacion-para-enfermeria/cambios-de-turno/,/manual/planificacion/sanidad/,301
https://manual.aturnos.com/documentation/preguntas-frecuentes-mediamarkt/,/manual/general/preguntas-frecuentes-mediamarkt/,301
https://manual.aturnos.com/documentation/puesta-en-marcha-de-kiosco/,/manual/gestion-de-personal/preguntas-frecuentes-mediamarkt/,301
https://manual.aturnos.com/documentation/sanidad-planificacion-de-personal/,/manual/planificacion/sanidad/,301
https://manual.aturnos.com/documentation/validar-y-generar-conceptos-de-nomina/,/manual/planificacion/sanidad/,301
https://manual.aturnos.com/documentation/what-is-aturnos/,/manual/planificacion/aturnos-manual/,301
https://manual.aturnos.com/knowledgebase/1-1-barra-de-filtros-de-fichajes/,/manual/control-horario/1-1-filtros-de-fichajes/,301
https://manual.aturnos.com/knowledgebase/1-1-maestro-de-empleados/,/manual/gestion-de-personal/1-1-maestro-de-empleados/,301
https://manual.aturnos.com/knowledgebase/1-1-modo-de-validacion-para-la-exportacion/,/manual/costes-y-nominas/1-1-modo-de-validacion-para-la-exportacion/,301
https://manual.aturnos.com/knowledgebase/1-1-mover-o-anadir-el-trabajador-a-otro-equipo/,/manual/gestion-de-personal/a-editar-mover-trabajadores-del-equipo/,301
https://manual.aturnos.com/knowledgebase/1-1-perfil-y-menu-principal-2/,/manual/gestion-de-personal/1-1-perfil-y-menu-principal-del-trabajador/,301
https://manual.aturnos.com/knowledgebase/1-1-perfil-y-menu-principal/,/manual/planificacion/1-1-menu-principal/,301
https://manual.aturnos.com/knowledgebase/1-1-turnos/,/manual/planificacion/turnos/,301
https://manual.aturnos.com/knowledgebase/1-10-jornadas/,/manual/configuracion-y-cuenta/1-10-configuracion-de-jornadas/,301
https://manual.aturnos.com/knowledgebase/1-2-acceder-al-perfil-del-trabajador/,/manual/gestion-de-personal/b-acceder-al-perfil-del-trabajador/,301
https://manual.aturnos.com/knowledgebase/1-2-barra-superior-de-la-pantalla/,/manual/gestion-de-personal/1-2-barra-superior-de-la-pantalla/,301
https://manual.aturnos.com/knowledgebase/1-2-barra-superior-de-pantalla/,/manual/gestion-de-personal/1-2-barra-superior-de-pantalla/,301
https://manual.aturnos.com/knowledgebase/1-2-descarga-de-nomina/,/manual/costes-y-nominas/1-2-descarga-de-nomina/,301
https://manual.aturnos.com/knowledgebase/1-2-detalle-de-los-fichajes/,/manual/control-horario/1-2-detalle-de-los-fichajes/,301
https://manual.aturnos.com/knowledgebase/1-2-estructura-jerarquica/,/manual/gestion-de-personal/1-2-estructura-jerarquica/,301
https://manual.aturnos.com/knowledgebase/1-3-anadir-el-trabajador-a-mas-equipos/,/manual/gestion-de-personal/c-anadir-trabajadores-a-mas-equipos/,301
https://manual.aturnos.com/knowledgebase/1-3-comportamiento-de-aviso-de-cuadrante-cerrado-por-nomina/,/manual/costes-y-nominas/1-3-comportamiento-de-aviso-de-cuadrante-cerrado-por-nomina/,301
https://manual.aturnos.com/knowledgebase/1-3-delegacion-de-administradores/,/manual/gestion-de-personal/1-3-delegacion-de-administradores/,301
https://manual.aturnos.com/knowledgebase/1-3-inicio-dashboard/,/manual/planificacion/1-3-inicio-dashboard/,301
https://manual.aturnos.com/knowledgebase/1-3-inicio-widgets-2/,/manual/planificacion/1-3-inicio-2-widgets/,301
https://manual.aturnos.com/knowledgebase/1-3-inicio-widgets/,/manual/configuracion-y-cuenta/1-3-inicio-widgets/,301
https://manual.aturnos.com/knowledgebase/1-3-opciones-por-trabajador/,/manual/gestion-de-personal/1-3-opciones-por-trabajador/,301
https://manual.aturnos.com/knowledgebase/1-4-anadir-insertar-modificar-y-cerrar-fichajes/,/manual/control-horario/1-4-anadir-insertar-modificar-y-cerrar-fichajes/,301
https://manual.aturnos.com/knowledgebase/1-4-medidas/,/manual/gestion-de-personal/1-4-medidas/,301
https://manual.aturnos.com/knowledgebase/1-4-nivel-que-puede-cambiar-la-fecha-de-cierre-del-cuadrante/,/manual/planificacion/1-4-nivel-que-puede-cambiar-la-fecha-de-cierre-del-cuadrante/,301
https://manual.aturnos.com/knowledgebase/1-4-ver-periodos-y-eliminar-trabajador/,/manual/gestion-de-personal/d-ver-periodos-y-eliminar-trabajador/,301
https://manual.aturnos.com/knowledgebase/1-5-estado-y-ajustar-fichajes/,/manual/control-horario/1-5-estado-y-ajustar-fichajes/,301
https://manual.aturnos.com/knowledgebase/1-5-nivel-que-puede-cambiar-la-fecha-de-cierre-de-un-empleado/,/manual/gestion-de-personal/1-5-nivel-que-puede-cambiar-la-fecha-de-cierre-de-un-empleado/,301
https://manual.aturnos.com/knowledgebase/1-6-alertas-warnings/,/manual/planificacion/1-6-alertas-warnings/,301
https://manual.aturnos.com/knowledgebase/1-6-nivel-minimo-que-puede-cambiar-la-fecha-de-cierre-a-pasado/,/manual/planificacion/1-6-nivel-minimo-que-puede-cambiar-la-fecha-de-cierre-a-pasado/,301
https://manual.aturnos.com/knowledgebase/1-7-periodo-nocturno/,/manual/planificacion/1-7-periodo-nocturno/,301
https://manual.aturnos.com/knowledgebase/1-8-festivos/,/manual/costes-y-nominas/1-8-festivos/,301
https://manual.aturnos.com/knowledgebase/1-9-computar-las-horas-en-el-dia-de-inicio/,/manual/planificacion/1-9-computar-las-horas-en-el-dia-de-inicio/,301
https://manual.aturnos.com/knowledgebase/1-acceso-a-aturnos-2/,/manual/gestion-de-personal/1-como-acceder-aturnos/,301
https://manual.aturnos.com/knowledgebase/1-acceso-a-aturnos/,/manual/gestion-de-personal/1-acceso-aturnos/,301
https://manual.aturnos.com/knowledgebase/1-anadir-turnos-a-todos/,/manual/planificacion/1-anadir-turnos-a-todos/,301
https://manual.aturnos.com/knowledgebase/1-aplicar-patron/,/manual/planificacion/1-aplicar-patron/,301
https://manual.aturnos.com/knowledgebase/1-cargar-la-demanda/,/manual/planificacion/2-cargar-la-demanda/,301
https://manual.aturnos.com/knowledgebase/1-configuracion/,/manual/configuracion-y-cuenta/1-configuracion-general/,301
https://manual.aturnos.com/knowledgebase/1-crear-tipo-de-documento/,/manual/documentos/1-crear-tipo-de-documento/,301
https://manual.aturnos.com/knowledgebase/1-datos-de-convenio/,/manual/planificacion/1-datos-de-convenio/,301
https://manual.aturnos.com/knowledgebase/1-descripcion-y-consideraciones-previas/,/manual/tareas/1-descripcion-y-consideraciones-previas/,301
https://manual.aturnos.com/knowledgebase/1-detalle/,/manual/control-horario/1-detalle/,301
https://manual.aturnos.com/knowledgebase/1-fichar/,/manual/control-horario/1-como-fichar/,301
https://manual.aturnos.com/knowledgebase/1-general/,/manual/general/1-general/,301
https://manual.aturnos.com/knowledgebase/1-hacer-cambio/,/manual/general/hacer-cambio/,301
https://manual.aturnos.com/knowledgebase/1-importacion-altas-de-trabajadores-basico/,/manual/gestion-de-personal/1-importar-trabajadores-y-o-planificacion-altas-perfil-y-planificacion/,301
https://manual.aturnos.com/knowledgebase/1-informe-control-legal/,/manual/configuracion-y-cuenta/1-informe-control-legal/,301
https://manual.aturnos.com/knowledgebase/1-instalar-dispositivos-usb/,/manual/gestion-de-personal/1-instalar-dispositivos-usb/,301
https://manual.aturnos.com/knowledgebase/1-maestro-de-absentismos/,/manual/planificacion/1-maestro-de-absentismos/,301
https://manual.aturnos.com/knowledgebase/1-perfil-de-usuario/,/manual/gestion-de-personal/1-perfil-de-usuario/,301
https://manual.aturnos.com/knowledgebase/1-planificadas-vs-presenciales/,/manual/gestion-de-personal/1-planificadas-vs-presenciales/,301
https://manual.aturnos.com/knowledgebase/1-sobre-los-tipos-de-turnos/,/manual/planificacion/1-sobre-los-tipos-de-turnos-y-absentismos/,301
https://manual.aturnos.com/knowledgebase/1-subir-documentos/,/manual/documentos/1-subir-documentos/,301
https://manual.aturnos.com/knowledgebase/1-tiempo-real/,/manual/tareas/1-tiempo-real/,301
https://manual.aturnos.com/knowledgebase/1-variables-del-patron/,/manual/planificacion/1-variables-del-patron/,301
https://manual.aturnos.com/knowledgebase/1-ver-perfil/,/manual/gestion-de-personal/1-ver-perfil/,301
https://manual.aturnos.com/knowledgebase/10-1-listado-de-conceptos-de-calculo-y-de-nomina-borrado-de-conceptos-de-calculo-de-nomina/,/manual/costes-y-nominas/10-1-listado-de-conceptos-de-calculo-y-de-nomina-borrado-de-conceptos-de-calculo-de-nomina/,301
https://manual.aturnos.com/knowledgebase/10-1-listado-de-conceptos-de-nomina/,/manual/costes-y-nominas/6-1-listado-de-conceptos-de-nomina/,301
https://manual.aturnos.com/knowledgebase/10-2-cierre-por-empresa/,/manual/planificacion/10-2-cierre-del-cuadrante-validacion-y-ultimo-dia-exportado-por-equipo/,301
https://manual.aturnos.com/knowledgebase/10-2-cierre-por-equipos/,/manual/planificacion/6-2-cierre-por-equipos/,301
https://manual.aturnos.com/knowledgebase/10-3-borrar-concpetos-en-nominas/,/manual/costes-y-nominas/borrar-concpetos-en-nominas/,301
https://manual.aturnos.com/knowledgebase/10-3-cierre-por-empleado/,/manual/gestion-de-personal/10-3-cierre-por-empleado-fecha-de-validacion-y-ultimo-dia-exportado-por-trabajador/,301
https://manual.aturnos.com/knowledgebase/10-4-cierre-por-empleado/,/manual/gestion-de-personal/6-3-cierre-por-empleado/,301
https://manual.aturnos.com/knowledgebase/10-4-exportar-a-nominas/,/manual/costes-y-nominas/10-4-exportar-a-nominas/,301
https://manual.aturnos.com/knowledgebase/10-5-estadistica-todos-los-equipos/,/manual/costes-y-nominas/10-5-estadistica-todos-los-equipos/,301
https://manual.aturnos.com/knowledgebase/10-5-exportar-nominas/,/manual/costes-y-nominas/6-4-exportar-nominas/,301
https://manual.aturnos.com/knowledgebase/10-6-estadistica-todos-los-equipos-diaria/,/manual/gestion-de-personal/10-6-estadistica-diaria-de-todos-los-equipos/,301
https://manual.aturnos.com/knowledgebase/10-6-estadistica-todos-los-equipos/,/manual/gestion-de-personal/6-5-estadistica-por-periodos-de-todos-los-equipos/,301
https://manual.aturnos.com/knowledgebase/10-7-estadistica-todos-los-equipos-diaria/,/manual/gestion-de-personal/6-6-estadistica-diaria-de-todos-los-equipos/,301
https://manual.aturnos.com/knowledgebase/10-7-totalizada-por-equipo/,/manual/planificacion/10-7-totalizada-por-equipo-validacion-del-cuadrante/,301
https://manual.aturnos.com/knowledgebase/10-8-listado-de-comprobacion/,/manual/planificacion/10-8-listado-de-comprobacion/,301
https://manual.aturnos.com/knowledgebase/10-8-totalizada-por-equipo/,/manual/gestion-de-personal/6-7-totalizada-por-equipo/,301
https://manual.aturnos.com/knowledgebase/10-costes/,/manual/costes-y-nominas/10-costes/,301
https://manual.aturnos.com/knowledgebase/10-hrs-fichadas-superior-a-hrs-contrato-dia/,/manual/gestion-de-personal/10-hrs-fichadas-superior-a-hrs-contrato-dia/,301
https://manual.aturnos.com/knowledgebase/10-importar-posiciones/,/manual/gestion-de-personal/10-importar-posiciones/,301
https://manual.aturnos.com/knowledgebase/10-la-preparacion-de-los-puestos/,/manual/configuracion-y-cuenta/10-la-preparacion-de-los-puestos/,301
https://manual.aturnos.com/knowledgebase/10-sobre-el-modulo-de-control-de-presencia/,/manual/control-horario/10-sobre-el-modulo-de-control-horario/,301
https://manual.aturnos.com/knowledgebase/10-tareas/,/manual/tareas/12-tareas/,301
https://manual.aturnos.com/knowledgebase/10-tooltip-flotante/,/manual/gestion-de-personal/10-tooltip-flotante/,301
https://manual.aturnos.com/knowledgebase/11-1-clonar-datos-2/,/manual/gestion-de-personal/11-1-clonar-datos/,301
https://manual.aturnos.com/knowledgebase/11-1-clonar-datos/,/manual/gestion-de-personal/7-1-clonacion-de-datos/,301
https://manual.aturnos.com/knowledgebase/11-2-fusionar-usuarios/,/manual/gestion-de-personal/7-2-fusionar-usuarios/,301
https://manual.aturnos.com/knowledgebase/11-3-estado-de-los-permisos/,/manual/gestion-de-personal/7-3-estado-de-los-permisos/,301
https://manual.aturnos.com/knowledgebase/11-4-relacion-ids-external/,/manual/integraciones-y-api/7-4-relacion-ids-external/,301
https://manual.aturnos.com/knowledgebase/11-5-migrar-saldos-de-horas-y-vacaciones/,/manual/planificacion/7-5-migrar-balance-de-horas-y-vacaciones/,301
https://manual.aturnos.com/knowledgebase/11-6-recuperar-planificacion/,/manual/planificacion/7-6-recuperar-planificacion/,301
https://manual.aturnos.com/knowledgebase/11-8-hrs-fichadas-en-nocturnidad/,/manual/general/11-8-hrs-fichadas-en-nocturnidad/,301
https://manual.aturnos.com/knowledgebase/11-como-se-llama-a-los-clientes/,/manual/tareas/11-como-se-llama-a-los-clientes/,301
https://manual.aturnos.com/knowledgebase/11-dispositivos/,/manual/gestion-de-personal/11-dispositivos/,301
https://manual.aturnos.com/knowledgebase/11-horas-periodo/,/manual/gestion-de-personal/11-horas-en-los-equipos/,301
https://manual.aturnos.com/knowledgebase/11-importacion-balance-de-ajustes-2/,/manual/gestion-de-personal/11-importar-balance-de-ajustes/,301
https://manual.aturnos.com/knowledgebase/12-calculo-estimado-de-horas/,/manual/planificacion/12-calculo-estimado-de-horas/,301
https://manual.aturnos.com/knowledgebase/12-horas-fichadas-semanales/,/manual/general/12-horas-fichadas-semanales/,301
https://manual.aturnos.com/knowledgebase/12-importar-costes/,/manual/costes-y-nominas/12-importar-costes/,301
https://manual.aturnos.com/knowledgebase/12-peticiones-de-reportes/,/manual/peticiones-y-cambios/8-1-peticiones-de-reportes/,301
https://manual.aturnos.com/knowledgebase/12-tareas-canceladas/,/manual/tareas/12-tareas-canceladas/,301
https://manual.aturnos.com/knowledgebase/13-alertas-por-localizacion/,/manual/recursos-y-partes/13-alertas-por-localizacion/,301
https://manual.aturnos.com/knowledgebase/13-importacion-de-localizaciones/,/manual/recursos-y-partes/13-crear-localizaciones-y-localizaciones-padres/,301
https://manual.aturnos.com/knowledgebase/13-listado-de-tareas-informes/,/manual/tareas/13-listado-de-tareas-informes/,301
https://manual.aturnos.com/knowledgebase/13-modifica-las-localizaciones-del-trabajador/,/manual/recursos-y-partes/13-modifica-las-localizaciones/,301
https://manual.aturnos.com/knowledgebase/14-alertas-por-trabajador/,/manual/gestion-de-personal/14-alertas-por-trabajador/,301
https://manual.aturnos.com/knowledgebase/14-importacion-de-festivos/,/manual/planificacion/14-importar-dias-festivos-en-los-equipos/,301
https://manual.aturnos.com/knowledgebase/14-localizacion-por-defecto/,/manual/recursos-y-partes/14-localizacion-por-defecto/,301
https://manual.aturnos.com/knowledgebase/14-pantallas-puestos-y-tareas/,/manual/tareas/14-pantallas-puestos-y-tareas/,301
https://manual.aturnos.com/knowledgebase/15-borrar-cuadrante/,/manual/planificacion/15-borrar-cuadrante/,301
https://manual.aturnos.com/knowledgebase/15-importar-relacion-ids-external/,/manual/integraciones-y-api/15-importar-relacion-ids-external/,301
https://manual.aturnos.com/knowledgebase/15-origen-de-los-fichajes/,/manual/control-horario/15-origen-de-los-fichajes/,301
https://manual.aturnos.com/knowledgebase/15-urls-de-kiosko-pantallas-centrales-kiosko-stopgo-etc/,/manual/cita-previa/15-url-s-de-kiosko-pantallas-centrales-kiosko-stop-go-etc/,301
https://manual.aturnos.com/knowledgebase/16-cortar-dia/,/manual/planificacion/18-cortar-dia/,301
https://manual.aturnos.com/knowledgebase/16-el-dia-a-dia/,/manual/planificacion/16-el-dia-a-dia/,301
https://manual.aturnos.com/knowledgebase/16-fines-de-semana-fichados/,/manual/general/16-fines-de-semana-fichados/,301
https://manual.aturnos.com/knowledgebase/16-importacion-plantilla-tareas/,/manual/tareas/16-importacion-plantilla-de-tareas-tareas/,301
https://manual.aturnos.com/knowledgebase/17-importar-clientes-tareas/,/manual/tareas/17-importar-clientes-tareas/,301
https://manual.aturnos.com/knowledgebase/18-importacion-recursos/,/manual/recursos-y-partes/18-importacion-recursos/,301
https://manual.aturnos.com/knowledgebase/19-importacion-de-demanda-operaciones/,/manual/planificacion/19-importacion-demandas-planificacion-automatica/,301
https://manual.aturnos.com/knowledgebase/2-1-2-barra-superior-del-cuadrante/,/manual/planificacion/barra-superior-del-cuadrante/,301
https://manual.aturnos.com/knowledgebase/2-1-2-conceptos-asociados-a-las-horas-personalizadas/,/manual/planificacion/conceptos-tipo-1-2-conceptos-asociados-a-horas/,301
https://manual.aturnos.com/knowledgebase/2-1-3-conceptos-asociados-a-los-diashoras-por-turnos-planificadas/,/manual/recursos-y-partes/conceptos-tipo-1-3-conceptos-asociados-a-los-dias/,301
https://manual.aturnos.com/knowledgebase/2-1-3-menu-del-trabajador/,/manual/gestion-de-personal/menu-del-trabajador/,301
https://manual.aturnos.com/knowledgebase/2-1-4-conceptos-asociados-a-las-jornadas/,/manual/planificacion/conceptos-tipo-1-4-conceptos-asociados-a-las-jornadas/,301
https://manual.aturnos.com/knowledgebase/2-1-conceptos-comunes-de-nomina/,/manual/costes-y-nominas/2-1-conceptos-comunes-de-nomina/,301
https://manual.aturnos.com/knowledgebase/2-1-cuadrante-2/,/manual/planificacion/2-1-cuadrante-trabajador/,301
https://manual.aturnos.com/knowledgebase/2-1-cuadrante/,/manual/planificacion/cuadrante-2/,301
https://manual.aturnos.com/knowledgebase/2-1-listado-de-fichajes/,/manual/control-horario/2-1-listado-de-fichajes/,301
https://manual.aturnos.com/knowledgebase/2-1-nueva-peticion/,/manual/peticiones-y-cambios/2-1-nueva-peticion/,301
https://manual.aturnos.com/knowledgebase/2-2-cambio-de-turno/,/manual/peticiones-y-cambios/2-2-cambio-de-turno/,301
https://manual.aturnos.com/knowledgebase/2-2-conceptos-que-operan-entre-conceptos/,/manual/gestion-de-personal/2-2-conceptos-que-operan-entre-conceptos/,301
https://manual.aturnos.com/knowledgebase/2-2-cuadrante-anual/,/manual/planificacion/2-2-cuadrante-anual/,301
https://manual.aturnos.com/knowledgebase/2-2-cuadrante-borrador/,/manual/planificacion/cuadrante-borrador/,301
https://manual.aturnos.com/knowledgebase/2-2-informe/,/manual/control-horario/2-2-informe/,301
https://manual.aturnos.com/knowledgebase/2-3-conceptos-de-comparacion/,/manual/recursos-y-partes/2-3-conceptos-comparacion/,301
https://manual.aturnos.com/knowledgebase/2-3-cuadrante-anual/,/manual/planificacion/2-3-cuadrante-anual/,301
https://manual.aturnos.com/knowledgebase/2-3-datos-personalizados/,/manual/gestion-de-personal/2-3-datos-personalizados/,301
https://manual.aturnos.com/knowledgebase/2-3-oferta-de-turno/,/manual/peticiones-y-cambios/2-3-oferta-de-turno/,301
https://manual.aturnos.com/knowledgebase/2-3-peticiones-y-cambios/,/manual/peticiones-y-cambios/2-3-peticiones-y-cambios/,301
https://manual.aturnos.com/knowledgebase/2-4-cuadrante-por-localizaciones/,/manual/recursos-y-partes/a-cuadrante-por-localizaciones/,301
https://manual.aturnos.com/knowledgebase/2-4-datos-personalizados-por-trabajador/,/manual/gestion-de-personal/2-4-datos-personalizados-por-trabajador/,301
https://manual.aturnos.com/knowledgebase/2-4-historial-de-peticiones/,/manual/peticiones-y-cambios/2-4-historial-de-peticiones/,301
https://manual.aturnos.com/knowledgebase/2-5-1-nueva-peticion-y-filtro/,/manual/planificacion/a-nueva-peticion/,301
https://manual.aturnos.com/knowledgebase/2-5-2-peticiones-pendientes/,/manual/peticiones-y-cambios/b-peticiones-pendientes/,301
https://manual.aturnos.com/knowledgebase/2-5-3-historial-de-peticiones/,/manual/peticiones-y-cambios/e-historial-de-peticiones/,301
https://manual.aturnos.com/knowledgebase/2-5-4-cambios-pendientes/,/manual/peticiones-y-cambios/c-cambios-pendientes/,301
https://manual.aturnos.com/knowledgebase/2-5-5-historial-de-cambios/,/manual/peticiones-y-cambios/f-historial-de-cambios/,301
https://manual.aturnos.com/knowledgebase/2-5-6-oferta-de-turno/,/manual/peticiones-y-cambios/d-oferta-de-turno/,301
https://manual.aturnos.com/knowledgebase/2-5-historial-de-cambios/,/manual/peticiones-y-cambios/2-5-historial-de-cambios/,301
https://manual.aturnos.com/knowledgebase/2-5-posiciones/,/manual/gestion-de-personal/2-5-posiciones/,301
https://manual.aturnos.com/knowledgebase/2-6-peticiones-pendientes/,/manual/peticiones-y-cambios/2-6-peticiones-pendientes/,301
https://manual.aturnos.com/knowledgebase/2-7-cambios-pendientes/,/manual/peticiones-y-cambios/2-7-cambios-pendientes/,301
https://manual.aturnos.com/knowledgebase/2-8-crear-nueva-oferta/,/manual/peticiones-y-cambios/2-8-crear-nueva-oferta/,301
https://manual.aturnos.com/knowledgebase/2-acciones-en-periodos-trabajador-del-patron/,/manual/planificacion/2-acciones-en-periodos-trabajador-del-patron/,301
https://manual.aturnos.com/knowledgebase/2-barra-superior-del-cuadrante/,/manual/planificacion/b-barra-superior-del-cuadrante/,301
https://manual.aturnos.com/knowledgebase/2-basica/,/manual/gestion-de-personal/2-basica/,301
https://manual.aturnos.com/knowledgebase/2-buscar-trabajador-para-un-turno/,/manual/planificacion/2-buscar-trabajador-para-un-turno/,301
https://manual.aturnos.com/knowledgebase/2-cargar-demanda-desde-tareas/,/manual/tareas/3-cargar-demanda-desde-tareas/,301
https://manual.aturnos.com/knowledgebase/2-cerrar-cuadrante/,/manual/planificacion/2-cerrar-cuadrante/,301
https://manual.aturnos.com/knowledgebase/2-conceptos-asociados-a-las-horas-por-turnos-computadas/,/manual/planificacion/concepto-tipo-1-1-conceptos-relacionados-con-los-turnos/,301
https://manual.aturnos.com/knowledgebase/2-conceptos-de-calculo/,/manual/costes-y-nominas/2-conceptos-de-calculo/,301
https://manual.aturnos.com/knowledgebase/2-configurar-dispositivo-conectado-a-la-red/,/manual/app-movil/2-configurar-dispositivo-conectado-a-la-red/,301
https://manual.aturnos.com/knowledgebase/2-diario/,/manual/planificacion/2-diario/,301
https://manual.aturnos.com/knowledgebase/2-especialidades-trabajador/,/manual/gestion-de-personal/2-especialidades-del-trabajador/,301
https://manual.aturnos.com/knowledgebase/2-estadisticas-de-absentismos-totales/,/manual/planificacion/2-estadisticas-de-absentismos-totales/,301
https://manual.aturnos.com/knowledgebase/2-estadisticas/,/manual/gestion-de-personal/2-estadisticas/,301
https://manual.aturnos.com/knowledgebase/2-extender-planificacion/,/manual/planificacion/3-extender-planificacion/,301
https://manual.aturnos.com/knowledgebase/2-importar-turnos-al-trabajador-con-localizacion/,/manual/planificacion/2-importacion-turnos-al-trabajador-con-localizacion/,301
https://manual.aturnos.com/knowledgebase/2-imputacion-de-tareas/,/manual/tareas/2-como-imputar-tareas/,301
https://manual.aturnos.com/knowledgebase/2-listado-avanzado/,/manual/planificacion/2-listado-avanzado/,301
https://manual.aturnos.com/knowledgebase/2-menos-de-12-hrs-entre-fichajes/,/manual/control-horario/2-menos-de-12-hrs-entre-fichajes/,301
https://manual.aturnos.com/knowledgebase/2-que-es-un-puesto/,/manual/gestion-de-personal/2-que-es-un-puesto/,301
https://manual.aturnos.com/knowledgebase/2-sobre-los-descansos/,/manual/planificacion/2-sobre-los-descansos-y-dias-planificados/,301
https://manual.aturnos.com/knowledgebase/2-subir-documentos/,/manual/documentos/2-subir-documentos/,301
https://manual.aturnos.com/knowledgebase/2-tareas/,/manual/tareas/2-tareas/,301
https://manual.aturnos.com/knowledgebase/2-vacaciones/,/manual/planificacion/2-vacaciones/,301
https://manual.aturnos.com/knowledgebase/2-ver-documentos-subidos/,/manual/documentos/2-ver-documentos-subidos/,301
https://manual.aturnos.com/knowledgebase/2-visualizar-patron/,/manual/planificacion/2-visualizar-patron/,301
https://manual.aturnos.com/knowledgebase/20-importacion-de-demanda-por-tipo-de-turno-operaciones/,/manual/planificacion/20-importacion-de-demanda-por-tipo-de-turno-planificacion-automatica/,301
https://manual.aturnos.com/knowledgebase/21-importar-fichajes-control-de-presencia/,/manual/control-horario/21-importar-fichajes-de-trabajadores/,301
https://manual.aturnos.com/knowledgebase/22-importar-acumulado-ano-anterior/,/manual/documentos/22-importar-acumulado-ano-anterior-timecard/,301
https://manual.aturnos.com/knowledgebase/23-importacion-de-planificacion-con-patrones/,/manual/planificacion/23-importar-trabajadores-y-o-planificacion-planificacion-con-patrones/,301
https://manual.aturnos.com/knowledgebase/24-importacion-de-ajustes-coeficiente-de-horas/,/manual/configuracion-y-cuenta/24-importacion-de-ajustes-coeficiente-de-horas/,301
https://manual.aturnos.com/knowledgebase/25-importacion-turnos-absentismos-vacaciones/,/manual/planificacion/25-importar-planificacion-con-turnos-absentismos-vacaciones-y-o-localizaciones/,301
https://manual.aturnos.com/knowledgebase/26-importar-datos-personalizados/,/manual/gestion-de-personal/26-importar-datos-personalizados/,301
https://manual.aturnos.com/knowledgebase/27-importar-peticiones/,/manual/peticiones-y-cambios/27-importar-peticiones/,301
https://manual.aturnos.com/knowledgebase/3-1-acciones/,/manual/planificacion/3-1-acciones/,301
https://manual.aturnos.com/knowledgebase/3-1-fichajes-pendientes/,/manual/control-horario/3-1-fichajes-pendientes/,301
https://manual.aturnos.com/knowledgebase/3-2-debe-haber-turnos/,/manual/planificacion/3-2-debe-haber-turnos/,301
https://manual.aturnos.com/knowledgebase/3-2-peticiones-pendientes/,/manual/peticiones-y-cambios/3-2-peticiones-pendientes/,301
https://manual.aturnos.com/knowledgebase/3-3-absentismos/,/manual/planificacion/3-3-absentismos/,301
https://manual.aturnos.com/knowledgebase/3-3-calculadora/,/manual/planificacion/3-3-calculadora/,301
https://manual.aturnos.com/knowledgebase/3-3-historico/,/manual/peticiones-y-cambios/3-3-historico/,301
https://manual.aturnos.com/knowledgebase/3-anadir-horas/,/manual/planificacion/3-anadir-horas/,301
https://manual.aturnos.com/knowledgebase/3-anadir-periodo-de-trabajadores-al-patron/,/manual/planificacion/3-anadir-periodo-de-trabajadores-al-patron/,301
https://manual.aturnos.com/knowledgebase/3-calculo-de-jornadas/,/manual/planificacion/3-calculo-de-jornadas/,301
https://manual.aturnos.com/knowledgebase/3-categoria-contrato/,/manual/gestion-de-personal/3-categoria-contrato/,301
https://manual.aturnos.com/knowledgebase/3-clientes/,/manual/peticiones-y-cambios/3-clientes/,301
https://manual.aturnos.com/knowledgebase/3-conceptos-de-nomina/,/manual/costes-y-nominas/3-conceptos-de-nomina/,301
https://manual.aturnos.com/knowledgebase/3-cuadro-de-mando-operaciones-planificacion-de-personal/,/manual/planificacion/4-cuadro-de-mando-operaciones-planificacion-de-personal/,301
https://manual.aturnos.com/knowledgebase/3-datos-personalizados-trabajador/,/manual/gestion-de-personal/3-datos-personalizados-del-trabajador/,301
https://manual.aturnos.com/knowledgebase/3-detalle/,/manual/planificacion/3-detalle/,301
https://manual.aturnos.com/knowledgebase/3-editar-patron/,/manual/planificacion/3-editar-patron/,301
https://manual.aturnos.com/knowledgebase/3-estadisticas-de-absentismos-temporales/,/manual/planificacion/3-estadisticas-de-absentismos-temporales/,301
https://manual.aturnos.com/knowledgebase/3-favoritos/,/manual/tareas/3-apartado-de-favoritos/,301
https://manual.aturnos.com/knowledgebase/3-funciones-de-los-puestos-polivalentes/,/manual/planificacion/3-funciones-de-los-puestos-polivalentes/,301
https://manual.aturnos.com/knowledgebase/3-importacion-de-horas-normales-extra-y-complementarias/,/manual/gestion-de-personal/3-importar-horas-al-trabajador-normales-extra-y-complementarias/,301
https://manual.aturnos.com/knowledgebase/3-informe/,/manual/gestion-de-personal/3-informe/,301
https://manual.aturnos.com/knowledgebase/3-mas-de-2-hrs-entre-fichajes/,/manual/control-horario/3-mas-de-2-hrs-entre-fichajes/,301
https://manual.aturnos.com/knowledgebase/3-rrhh/,/manual/gestion-de-personal/rrhh/,301
https://manual.aturnos.com/knowledgebase/3-sobre-el-cumplimiento-de-la-demanda/,/manual/planificacion/11-sobre-el-cumplimiento-de-la-demanda/,301
https://manual.aturnos.com/knowledgebase/3-sobre-los-fines-de-semana/,/manual/planificacion/3-sobre-los-fines-de-semana/,301
https://manual.aturnos.com/knowledgebase/3-tablas-de-cobertura/,/manual/planificacion/5-2-tablas-de-cobertura/,301
https://manual.aturnos.com/knowledgebase/3-usuarios-en-biostar2/,/manual/gestion-de-personal/3-usuarios-en-biostar2/,301
https://manual.aturnos.com/knowledgebase/3-ver-documentos-subidos/,/manual/documentos/3-ver-documentos-subidos/,301
https://manual.aturnos.com/knowledgebase/4-1-acciones/,/manual/gestion-de-personal/4-1-acciones/,301
https://manual.aturnos.com/knowledgebase/4-1-planificadas-vs-presenciales/,/manual/planificacion/4-1-computadas-vs-presenciales/,301
https://manual.aturnos.com/knowledgebase/4-1-servicios/,/manual/cita-previa/4-servicios/,301
https://manual.aturnos.com/knowledgebase/4-1-turnos/,/manual/planificacion/4-1-turnos/,301
https://manual.aturnos.com/knowledgebase/4-10-planificadas-vs-trabajadas/,/manual/gestion-de-personal/4-10-planificadas-vs-trabajadas/,301
https://manual.aturnos.com/knowledgebase/4-2-comentarios/,/manual/planificacion/4-2-comentarios/,301
https://manual.aturnos.com/knowledgebase/4-2-horas-presenciales/,/manual/control-horario/4-2-horas-presenciales/,301
https://manual.aturnos.com/knowledgebase/4-2-horas/,/manual/planificacion/4-2-horas/,301
https://manual.aturnos.com/knowledgebase/4-3-estado-del-acumulado-del-empleado/,/manual/planificacion/4-3-estado-del-acumulado-del-empleado/,301
https://manual.aturnos.com/knowledgebase/4-3-festivos-nocturnidad/,/manual/gestion-de-personal/4-3-festivos-nocturnidad/,301
https://manual.aturnos.com/knowledgebase/4-3-turnos-y-horas/,/manual/planificacion/4-3-turnos-y-horas/,301
https://manual.aturnos.com/knowledgebase/4-4-horas-dias-semana/,/manual/planificacion/4-4-horas-dias-semana/,301
https://manual.aturnos.com/knowledgebase/4-4-resumen-diario/,/manual/control-horario/4-4-resumen-diario/,301
https://manual.aturnos.com/knowledgebase/4-5-detalle-diario/,/manual/gestion-de-personal/4-5-detalle-diario/,301
https://manual.aturnos.com/knowledgebase/4-5-localizaciones/,/manual/recursos-y-partes/4-5-localizaciones/,301
https://manual.aturnos.com/knowledgebase/4-5-periodos-de-vacaciones/,/manual/planificacion/4-5-periodos-de-vacaciones/,301
https://manual.aturnos.com/knowledgebase/4-6-absentismos/,/manual/planificacion/4-6-absentismos/,301
https://manual.aturnos.com/knowledgebase/4-6-debe-haber-turnos/,/manual/gestion-de-personal/4-6-cambios-a-deber/,301
https://manual.aturnos.com/knowledgebase/4-6-listado-de-fichajes/,/manual/control-horario/4-6-listado-de-fichajes/,301
https://manual.aturnos.com/knowledgebase/4-7-calidad-del-fichaje/,/manual/control-horario/4-7-calidad-del-fichaje/,301
https://manual.aturnos.com/knowledgebase/4-7-vacaciones/,/manual/planificacion/4-7-vacaciones/,301
https://manual.aturnos.com/knowledgebase/4-8-alertas-por-localizacion/,/manual/recursos-y-partes/4-8-alertas-por-localizacion/,301
https://manual.aturnos.com/knowledgebase/4-8-jornadas/,/manual/planificacion/4-8-jornadas/,301
https://manual.aturnos.com/knowledgebase/4-9-alertas-por-trabajador/,/manual/gestion-de-personal/4-9-alertas-por-trabajador/,301
https://manual.aturnos.com/knowledgebase/4-ajustar-guardias-localizadas/,/manual/configuracion-y-cuenta/4-ajustar-guardias-localizadas/,301
https://manual.aturnos.com/knowledgebase/4-ajuste-automatico/,/manual/planificacion/5-planificacion-automatica/,301
https://manual.aturnos.com/knowledgebase/4-borrar-patron/,/manual/planificacion/4-borrar-patron/,301
https://manual.aturnos.com/knowledgebase/4-estadisticas-trabajador/,/manual/planificacion/4-estadisticas-del-trabajador/,301
https://manual.aturnos.com/knowledgebase/4-estadisticas/,/manual/tareas/4-estadisticas-jobs/,301
https://manual.aturnos.com/knowledgebase/4-exportacion-a-nominas/,/manual/costes-y-nominas/4-exportacion-a-nominas/,301
https://manual.aturnos.com/knowledgebase/4-importacion-de-catalogos-de-tareas/,/manual/tareas/4-importacion-de-catalogos-de-tareas/,301
https://manual.aturnos.com/knowledgebase/4-importacion-de-periodos-de-absentismo/,/manual/planificacion/4-insertar-periodos-de-absentismos-totales-y-temporales/,301
https://manual.aturnos.com/knowledgebase/4-incremento-de-la-jornada-laboral/,/manual/planificacion/4-incremento-de-la-jornada-laboral/,301
https://manual.aturnos.com/knowledgebase/4-listado-de-peticiones-pendientes/,/manual/peticiones-y-cambios/2-9-listado-de-peticiones-pendientes/,301
https://manual.aturnos.com/knowledgebase/4-menos-de-4-hrs-fichadas-en-un-dia/,/manual/gestion-de-personal/4-menos-de-4-hrs-fichadas-en-un-dia/,301
https://manual.aturnos.com/knowledgebase/4-mis-fichajes/,/manual/control-horario/4-mis-fichajes/,301
https://manual.aturnos.com/knowledgebase/4-planificacion/,/manual/planificacion/4-planificacion/,301
https://manual.aturnos.com/knowledgebase/4-plantilla-de-nomina/,/manual/costes-y-nominas/4-plantilla-de-nomina/,301
https://manual.aturnos.com/knowledgebase/4-recuperar-ultima-planificacion/,/manual/planificacion/4-recuperar-ultima-planificacion/,301
https://manual.aturnos.com/knowledgebase/4-resumen-estadisticas-de-absentismos/,/manual/planificacion/4-resumen-estadisticas-de-absentismos/,301
https://manual.aturnos.com/knowledgebase/4-secuencia-de-patron/,/manual/planificacion/4-secuencia-de-patron/,301
https://manual.aturnos.com/knowledgebase/4-sobre-vacaciones-y-contingentes-de-permisos-y-festivos/,/manual/planificacion/4-sobre-vacaciones-festivos-y-bolsas-de-horas/,301
https://manual.aturnos.com/knowledgebase/4-tiempos/,/manual/planificacion/4-tiempos/,301
https://manual.aturnos.com/knowledgebase/4-volcado-de-trabajadores/,/manual/gestion-de-personal/4-transferir-huellas-tarjetas-de-trabajadores-a-los-dispositivos/,301
https://manual.aturnos.com/knowledgebase/5-1-acceso-a-aturnos/,/manual/gestion-de-personal/1-acceso-aturnos/,301
https://manual.aturnos.com/knowledgebase/5-1-ajustes-del-control-horario/,/manual/control-horario/5-1-ajustes-del-control-horario/,301
https://manual.aturnos.com/knowledgebase/5-10-dispositivos/,/manual/gestion-de-personal/5-10-dispositivos/,301
https://manual.aturnos.com/knowledgebase/5-11-tipos-de-fichajes/,/manual/control-horario/5-11-tipos-de-fichajes/,301
https://manual.aturnos.com/knowledgebase/5-12-ajustes-automaticos/,/manual/configuracion-y-cuenta/5-12-ajustes-automaticos/,301
https://manual.aturnos.com/knowledgebase/5-13-geolocalizacion/,/manual/control-horario/5-13-geolocalizacion/,301
https://manual.aturnos.com/knowledgebase/5-14-wall-app/,/manual/control-horario/5-14-wall-app/,301
https://manual.aturnos.com/knowledgebase/5-15-sistemas-biometricos/,/manual/control-horario/5-15-sistemas-biometricos/,301
https://manual.aturnos.com/knowledgebase/5-16-teletrabajo-sin-control-web-ip/,/manual/control-horario/5-16-teletrabajo-sin-control-web-ip/,301
https://manual.aturnos.com/knowledgebase/5-17-flexibilidad-de-fichajes/,/manual/control-horario/5-17-flexibilidad-de-fichajes/,301
https://manual.aturnos.com/knowledgebase/5-18-integracion-control-de-presencia/,/manual/control-horario/5-18-integracion-control-de-presencia/,301
https://manual.aturnos.com/knowledgebase/5-2-tolerancia/,/manual/control-horario/5-2-tolerancia/,301
https://manual.aturnos.com/knowledgebase/5-3-descansos/,/manual/configuracion-y-cuenta/5-3-descansos/,301
https://manual.aturnos.com/knowledgebase/5-4-configuracion-alertas/,/manual/gestion-de-personal/5-4-configuracion-alertas/,301
https://manual.aturnos.com/knowledgebase/5-5-privacidad/,/manual/control-horario/5-5-privacidad/,301
https://manual.aturnos.com/knowledgebase/5-6-notificaciones/,/manual/control-horario/5-6-notificaciones/,301
https://manual.aturnos.com/knowledgebase/5-7-visualizacion-de-detalle/,/manual/gestion-de-personal/5-7-visualizacion-de-detalle/,301
https://manual.aturnos.com/knowledgebase/5-8-configuracion-de-guardias/,/manual/configuracion-y-cuenta/5-8-configuracion-de-guardias/,301
https://manual.aturnos.com/knowledgebase/5-9-fichaje-por-ip/,/manual/control-horario/5-9-fichaje-por-ip/,301
https://manual.aturnos.com/knowledgebase/5-absentismo-temporal/,/manual/planificacion/5-absentismo-temporal/,301
https://manual.aturnos.com/knowledgebase/5-ajuste-de-noctunidad-y-festivos/,/manual/planificacion/5-ajuste-de-coeficientes-en-nocturnidad-y-festivos/,301
https://manual.aturnos.com/knowledgebase/5-calculo-estimado-de-horas/,/manual/planificacion/5-calculo-estimado-de-horas/,301
https://manual.aturnos.com/knowledgebase/5-creacion-de-los-patrones-de-trabajo/,/manual/planificacion/5-creacion-de-los-patrones-de-trabajo/,301
https://manual.aturnos.com/knowledgebase/5-cuadrante-por-localizaciones/,/manual/recursos-y-partes/5-1-cuadrante-por-localizaciones/,301
https://manual.aturnos.com/knowledgebase/5-estadisticas/,/manual/general/5-estadisticas/,301
https://manual.aturnos.com/knowledgebase/5-estado-del-acumulado-del-empleado/,/manual/gestion-de-personal/5-estado-del-acumulado-del-empleado/,301
https://manual.aturnos.com/knowledgebase/5-importar-ofertas-de-turnos/,/manual/planificacion/5-importar-ofertas-de-turnos/,301
https://manual.aturnos.com/knowledgebase/5-limites-superiores-de-horas-de-los-empleados/,/manual/gestion-de-personal/5-limites-superiores-de-horas-de-los-empleados/,301
https://manual.aturnos.com/knowledgebase/5-listado-de-absentismos-temporales/,/manual/planificacion/5-listado-de-absentismos-temporales/,301
https://manual.aturnos.com/knowledgebase/5-log-de-equipos/,/manual/gestion-de-personal/4-1-log-de-equipos/,301
https://manual.aturnos.com/knowledgebase/5-mas-de-5-hrs-fichadas-sin-descanso/,/manual/control-horario/5-mas-de-5-hrs-fichadas-sin-descanso/,301
https://manual.aturnos.com/knowledgebase/5-peticiones-de-fichajes/,/manual/control-horario/5-peticiones-de-fichajes/,301
https://manual.aturnos.com/knowledgebase/5-reemplazar-turnos/,/manual/planificacion/5-reemplazar-turnos/,301
https://manual.aturnos.com/knowledgebase/5-restricciones-trabajador/,/manual/planificacion/5-restricciones-trabajador/,301
https://manual.aturnos.com/knowledgebase/5-seguridad/,/manual/configuracion-y-cuenta/5-seguridad/,301
https://manual.aturnos.com/knowledgebase/5-sobre-la-tabla-clic-y-arrastrar/,/manual/planificacion/5-sobre-la-tabla-clic-y-arrastrar/,301
https://manual.aturnos.com/knowledgebase/5-tabla-de-cobertura/,/manual/planificacion/6-tabla-de-cobertura/,301
https://manual.aturnos.com/knowledgebase/6-1-imputacion-de-tareas/,/manual/tareas/2-imputacion-de-tareas/,301
https://manual.aturnos.com/knowledgebase/6-1-reportes-por-trabajadores/,/manual/gestion-de-personal/6-1-reportes-de-trabajadores/,301
https://manual.aturnos.com/knowledgebase/6-1-turnos/,/manual/planificacion/a-turnos-2/,301
https://manual.aturnos.com/knowledgebase/6-2-horas/,/manual/planificacion/b-horas/,301
https://manual.aturnos.com/knowledgebase/6-2-reporte-de-localizaciones/,/manual/recursos-y-partes/6-2-reporte-de-localizaciones/,301
https://manual.aturnos.com/knowledgebase/6-3-cargar-reportes/,/manual/general/6-3-cargar-reportes/,301
https://manual.aturnos.com/knowledgebase/6-3-festivos-nocturnidad/,/manual/planificacion/c-festivos-nocturnidad/,301
https://manual.aturnos.com/knowledgebase/6-4-horas-dia-semana/,/manual/gestion-de-personal/d-horas-dia-semana/,301
https://manual.aturnos.com/knowledgebase/6-5-localizaciones/,/manual/recursos-y-partes/e-localizaciones/,301
https://manual.aturnos.com/knowledgebase/6-5-tootilp-del-trabajador/,/manual/recursos-y-partes/6-5-tootilp-del-trabajador/,301
https://manual.aturnos.com/knowledgebase/6-6-absentismos/,/manual/planificacion/f-absentismos/,301
https://manual.aturnos.com/knowledgebase/6-6-configuracion/,/manual/configuracion-y-cuenta/6-6-configuracion/,301
https://manual.aturnos.com/knowledgebase/6-7-vacaciones/,/manual/planificacion/g-vacaciones/,301
https://manual.aturnos.com/knowledgebase/6-ajuste-de-absentismos/,/manual/planificacion/6-ajuste-de-absentismos/,301
https://manual.aturnos.com/knowledgebase/6-ajustes-automaticos/,/manual/configuracion-y-cuenta/6-ajustes-automaticos/,301
https://manual.aturnos.com/knowledgebase/6-analisis-semanal/,/manual/gestion-de-personal/7-analisis-semanal/,301
https://manual.aturnos.com/knowledgebase/6-asignar-patrones-a-los-puestos-de-trabajo/,/manual/planificacion/6-asignar-patrones-a-los-puestos-de-trabajo/,301
https://manual.aturnos.com/knowledgebase/6-copiar-pegar-dia/,/manual/planificacion/6-copiar-pegar-dia/,301
https://manual.aturnos.com/knowledgebase/6-ejemplos/,/manual/general/6-ejemplos/,301
https://manual.aturnos.com/knowledgebase/6-importar-ofertas-de-horas/,/manual/peticiones-y-cambios/6-importar-ofertas-de-horas/,301
https://manual.aturnos.com/knowledgebase/6-informes-y-ratios-de-absentismos/,/manual/planificacion/6-informes-y-ratios-de-absentismos/,301
https://manual.aturnos.com/knowledgebase/6-limites-inferiores-de-horas-de-los-empleados/,/manual/gestion-de-personal/6-limites-inferiores-de-horas-de-los-empleados/,301
https://manual.aturnos.com/knowledgebase/6-listado-peticiones-de-fichajes/,/manual/control-horario/6-listado-peticiones-de-fichajes/,301
https://manual.aturnos.com/knowledgebase/6-monitorizar/,/manual/gestion-de-personal/6-monitorizar/,301
https://manual.aturnos.com/knowledgebase/6-periodos-de-absentismos/,/manual/planificacion/6-periodos-de-absentismos/,301
https://manual.aturnos.com/knowledgebase/6-sobre-la-tabla-al-hacer-clic-en-casilla/,/manual/planificacion/6-sobre-la-tabla-al-hacer-clic-en-casilla/,301
https://manual.aturnos.com/knowledgebase/6-sustituciones/,/manual/gestion-de-personal/6-sustituciones/,301
https://manual.aturnos.com/knowledgebase/6-tabla-de-cobertura/,/manual/planificacion/f-tabla-de-cobertura/,301
https://manual.aturnos.com/knowledgebase/6-trabajadores-sin-descanso-realizado/,/manual/control-horario/6-trabajadores-sin-descanso-realizado/,301
https://manual.aturnos.com/knowledgebase/7-1-favoritos/,/manual/tareas/3-favoritos/,301
https://manual.aturnos.com/knowledgebase/7-1-tipos-de-turnos-y-horas/,/manual/planificacion/2-1-tipos-de-turnos-y-horas/,301
https://manual.aturnos.com/knowledgebase/7-10-resetear-contrasena-trabajadores-anonimos/,/manual/gestion-de-personal/7-10-resetear-contrasena-trabajadores-anonimos/,301
https://manual.aturnos.com/knowledgebase/7-11-externos/,/manual/configuracion-y-cuenta/7-11-externos/,301
https://manual.aturnos.com/knowledgebase/7-2-festivos/,/manual/planificacion/7-2-festivos/,301
https://manual.aturnos.com/knowledgebase/7-2-turnos-y-horas/,/manual/planificacion/2-2-turnos-y-horas/,301
https://manual.aturnos.com/knowledgebase/7-3-bolsas/,/manual/planificacion/7-3-bolsas/,301
https://manual.aturnos.com/knowledgebase/7-4-ajustes/,/manual/configuracion-y-cuenta/2-6-ajustes/,301
https://manual.aturnos.com/knowledgebase/7-4-calendarios/,/manual/gestion-de-personal/7-4-calendarios/,301
https://manual.aturnos.com/knowledgebase/7-4-perfil-del-trabajador/,/manual/gestion-de-personal/7-4-perfil-del-trabajador/,301
https://manual.aturnos.com/knowledgebase/7-5-periodos-de-vacaciones/,/manual/planificacion/2-5-periodos-de-vacaciones/,301
https://manual.aturnos.com/knowledgebase/7-6-localizaciones/,/manual/recursos-y-partes/7-6-localizaciones/,301
https://manual.aturnos.com/knowledgebase/7-6-periodos-de-vacaciones-por-ano/,/manual/planificacion/2-6-periodos-de-vacaciones-por-ano/,301
https://manual.aturnos.com/knowledgebase/7-7-listado-de-festivos/,/manual/gestion-de-personal/2-7-listado-de-festivos/,301
https://manual.aturnos.com/knowledgebase/7-8-exportar-cuadrante-anual/,/manual/gestion-de-personal/2-8-exportar-cuadrante-anual/,301
https://manual.aturnos.com/knowledgebase/7-9-activar-usuarios/,/manual/gestion-de-personal/7-9-activar-usuarios/,301
https://manual.aturnos.com/knowledgebase/7-auto-ofertar-horas/,/manual/planificacion/8-auto-ofertar-horas/,301
https://manual.aturnos.com/knowledgebase/7-configuracion-de-colas/,/manual/tareas/7-configuracion-de-colas/,301
https://manual.aturnos.com/knowledgebase/7-control-de-acceso/,/manual/configuracion-y-cuenta/7-control-de-acceso/,301
https://manual.aturnos.com/knowledgebase/7-control-legal/,/manual/configuracion-y-cuenta/7-control-legal/,301
https://manual.aturnos.com/knowledgebase/7-copiar-y-pegar-cuadrante/,/manual/planificacion/7-copiar-y-pegar-cuadrante/,301
https://manual.aturnos.com/knowledgebase/7-crear-tipos-de-turnos/,/manual/planificacion/7-crear-tipos-de-turnos/,301
https://manual.aturnos.com/knowledgebase/7-datos-de-planificacion/,/manual/planificacion/7-datos-de-planificacion/,301
https://manual.aturnos.com/knowledgebase/7-listado-de-fichajes/,/manual/control-horario/7-listado-de-fichajes/,301
https://manual.aturnos.com/knowledgebase/7-menos-de-8-hrs-fichadas-semanales/,/manual/gestion-de-personal/7-menos-de-8-hrs-fichadas-semanales/,301
https://manual.aturnos.com/knowledgebase/7-modifica-las-localizaciones/,/manual/recursos-y-partes/7-modifica-las-localizaciones/,301
https://manual.aturnos.com/knowledgebase/7-nominas/,/manual/costes-y-nominas/7-nominas/,301
https://manual.aturnos.com/knowledgebase/7-panel-de-herramientas/,/manual/planificacion/7-panel-de-herramientas/,301
https://manual.aturnos.com/knowledgebase/7-sobre-las-localizaciones/,/manual/recursos-y-partes/9-sobre-las-localizaciones/,301
https://manual.aturnos.com/knowledgebase/8-1-ejemplo/,/manual/gestion-de-personal/8-1-ejemplos-practicos/,301
https://manual.aturnos.com/knowledgebase/8-1-estadisticas/,/manual/gestion-de-personal/4-estadisticas/,301
https://manual.aturnos.com/knowledgebase/8-1-maestro-de-absentismos/,/manual/planificacion/3-1-maestro-de-absentismos/,301
https://manual.aturnos.com/knowledgebase/8-2-informe-y-ratios-de-absentismos/,/manual/planificacion/3-3-informe-y-ratios-de-absentimos/,301
https://manual.aturnos.com/knowledgebase/8-5-reportes/,/manual/planificacion/1-reportes-por-equipos/,301
https://manual.aturnos.com/knowledgebase/8-6-reportes-por-trabajador/,/manual/gestion-de-personal/1-reportes-por-trabajador/,301
https://manual.aturnos.com/knowledgebase/8-8-configuracion-reportes-rrhh/,/manual/gestion-de-personal/1-configuracion-reportes-rrhh/,301
https://manual.aturnos.com/knowledgebase/8-borrar/,/manual/planificacion/8-borrar-el-dia-para-todos-los-visibles/,301
https://manual.aturnos.com/knowledgebase/8-configuracion-de-convenios/,/manual/gestion-de-personal/1-configuracion-de-convenios/,301
https://manual.aturnos.com/knowledgebase/8-control-de-fichajes-rrhh/,/manual/control-horario/8-control-de-fichajes/,301
https://manual.aturnos.com/knowledgebase/8-control-horario/,/manual/control-horario/8-control-horario/,301
https://manual.aturnos.com/knowledgebase/8-crear-patroness-de-turnos/,/manual/planificacion/8-crear-patrones-de-turnos/,301
https://manual.aturnos.com/knowledgebase/8-enviar-cuadrante-por-email/,/manual/planificacion/8-enviar-cuadrante-por-email/,301
https://manual.aturnos.com/knowledgebase/8-esta-todo-configurado/,/manual/planificacion/8-esta-todo-configurado/,301
https://manual.aturnos.com/knowledgebase/8-informacion-y-tabla-de-cobertura-de-patron/,/manual/planificacion/8-tabla-de-cobertura-de-patron/,301
https://manual.aturnos.com/knowledgebase/8-mas-de-6-dias-seguidos-fichados/,/manual/general/8-mas-de-6-dias-seguidos-fichados/,301
https://manual.aturnos.com/knowledgebase/8-peticiones/,/manual/peticiones-y-cambios/7-peticiones/,301
https://manual.aturnos.com/knowledgebase/9-1-estadisticas/,/manual/gestion-de-personal/estadisticas/,301
https://manual.aturnos.com/knowledgebase/9-1-integracion-nominas/,/manual/costes-y-nominas/9-1-integracion-nominas/,301
https://manual.aturnos.com/knowledgebase/9-10-jornadas/,/manual/planificacion/h-jornadas/,301
https://manual.aturnos.com/knowledgebase/9-11-jornadas-ii/,/manual/configuracion-y-cuenta/i-jornadas-ii/,301
https://manual.aturnos.com/knowledgebase/9-asignacion-de-tareas/,/manual/tareas/9-asignacion-de-tareas/,301
https://manual.aturnos.com/knowledgebase/9-cambios/,/manual/planificacion/8-cambios/,301
https://manual.aturnos.com/knowledgebase/9-cuadrante-anual/,/manual/planificacion/9-cuadrante-anual/,301
https://manual.aturnos.com/knowledgebase/9-horas-en-los-equipos/,/manual/planificacion/9-horas-en-los-equipos/,301
https://manual.aturnos.com/knowledgebase/9-importar-tabla-de-coeficiente/,/manual/documentos/9-importar-tabla-de-coeficiente/,301
https://manual.aturnos.com/knowledgebase/9-mas-de-6-dias-seguidos-planificados/,/manual/general/9-mas-de-6-dias-seguidos-planificados/,301
https://manual.aturnos.com/knowledgebase/a-accion-de-intercambio/,/manual/planificacion/a-accion-de-intercambio/,301
https://manual.aturnos.com/knowledgebase/a-anadir-un-trabajador/,/manual/gestion-de-personal/a-anadir-trabajador/,301
https://manual.aturnos.com/knowledgebase/a-barra-superior-del-cuadrante/,/manual/planificacion/a-barra-superior-del-cuadrante/,301
https://manual.aturnos.com/knowledgebase/a-configuracion/,/manual/configuracion-y-cuenta/a-configuracion/,301
https://manual.aturnos.com/knowledgebase/a-datos-personalizados/,/manual/gestion-de-personal/a-datos-personalizados/,301
https://manual.aturnos.com/knowledgebase/a-exportar-patrones-de-turno/,/manual/planificacion/a-exportar-patrones-de-turno/,301
https://manual.aturnos.com/knowledgebase/a-hacer-cambio-2/,/manual/peticiones-y-cambios/1-hacer-cambio-de-turno/,301
https://manual.aturnos.com/knowledgebase/a-menu-de-acciones/,/manual/planificacion/b-menu-de-acciones/,301
https://manual.aturnos.com/knowledgebase/a-opciones-cuadrante/,/manual/planificacion/a-opciones-cuadrante/,301
https://manual.aturnos.com/knowledgebase/a-reportes-por-equipos/,/manual/planificacion/1-reportes-por-equipos/,301
https://manual.aturnos.com/knowledgebase/a-temporales/,/manual/planificacion/a-temporales/,301
https://manual.aturnos.com/knowledgebase/a-turnos/,/manual/planificacion/a-turnos/,301
https://manual.aturnos.com/knowledgebase/absentismo-no-justificado-tiempo-no-productivo/,/manual/planificacion/absentismo-no-justificado-tiempo-no-productivo/,301
https://manual.aturnos.com/knowledgebase/absentismo-productivo-no-incluye-plus-festivos-ni-nocturnidad-2/,/manual/planificacion/absentismo-justificado-tiempo-productivo/,301
https://manual.aturnos.com/knowledgebase/absentismo-productivo-no-incluye-plus-festivos-ni-nocturnidad/,/manual/planificacion/absentismo-justificado-no-productivo-no-incluye-plus-festivos-ni-nocturnidad/,301
https://manual.aturnos.com/knowledgebase/absentismo/,/manual/planificacion/absentismo/,301
https://manual.aturnos.com/knowledgebase/acceso-app/,/manual/planificacion/acceso-app/,301
https://manual.aturnos.com/knowledgebase/acceso-web-app/,/manual/planificacion/acceso-web-app/,301
https://manual.aturnos.com/knowledgebase/aceptar-peticiones-de-marcajes/,/manual/control-horario/aceptar-peticiones-de-marcajes/,301
https://manual.aturnos.com/knowledgebase/aceptar-peticiones/,/manual/peticiones-y-cambios/aceptar-o-denegar-peticiones-y-cambios/,301
https://manual.aturnos.com/knowledgebase/acumulado-estado-de-horas/,/manual/control-horario/acumulado-estado-de-horas/,301
https://manual.aturnos.com/knowledgebase/acumulado-presencial/,/manual/control-horario/horas-acumulado-presencial/,301
https://manual.aturnos.com/knowledgebase/ajuste-de-horas/,/manual/gestion-de-personal/ajuste-de-horas-computadas/,301
https://manual.aturnos.com/knowledgebase/ajustes-timecard/,/manual/configuracion-y-cuenta/ajustes/,301
https://manual.aturnos.com/knowledgebase/anadir-comentarios/,/manual/gestion-de-personal/anadir-comentarios/,301
https://manual.aturnos.com/knowledgebase/asignar-botones-en-rpi/,/manual/gestion-de-personal/asignar-botones-en-rpi/,301
https://manual.aturnos.com/knowledgebase/b-absentismos/,/manual/planificacion/b-absentismos/,301
https://manual.aturnos.com/knowledgebase/b-accion-de-copiar-turnos/,/manual/planificacion/b-accion-de-copiar-turnos/,301
https://manual.aturnos.com/knowledgebase/b-conceptos-en-nomina/,/manual/costes-y-nominas/3-1-conceptos-en-nomina/,301
https://manual.aturnos.com/knowledgebase/b-datos-del-equipo/,/manual/configuracion-y-cuenta/b-datos-del-equipo/,301
https://manual.aturnos.com/knowledgebase/b-especialidades/,/manual/gestion-de-personal/b-especialidades/,301
https://manual.aturnos.com/knowledgebase/b-info/,/manual/planificacion/b-info/,301
https://manual.aturnos.com/knowledgebase/b-operativa-diaria-del-cuadrante/,/manual/planificacion/b-operativa-diaria-del-cuadrante/,301
https://manual.aturnos.com/knowledgebase/b-reportes-por-trabajador/,/manual/gestion-de-personal/1-reportes-por-trabajador/,301
https://manual.aturnos.com/knowledgebase/b-totales/,/manual/planificacion/b-totales/,301
https://manual.aturnos.com/knowledgebase/balance-anual/,/manual/gestion-de-personal/balance-anual/,301
https://manual.aturnos.com/knowledgebase/balance-de-horas-hhhhh/,/manual/gestion-de-personal/balance-mensual/,301
https://manual.aturnos.com/knowledgebase/balance-estimado-mensual/,/manual/configuracion-y-cuenta/balance-estimado-mensual/,301
https://manual.aturnos.com/knowledgebase/balance-presencial-contrato/,/manual/gestion-de-personal/balance-presencial-contrato/,301
https://manual.aturnos.com/knowledgebase/balance-presencial-planificadas/,/manual/planificacion/balance-presencial-planificadas/,301
https://manual.aturnos.com/knowledgebase/balance-vacaciones/,/manual/planificacion/balance-vacaciones-anual/,301
https://manual.aturnos.com/knowledgebase/c-accion-de-mover-turnos/,/manual/planificacion/c-accion-de-mover-turnos/,301
https://manual.aturnos.com/knowledgebase/c-categoria/,/manual/gestion-de-personal/c-categoria/,301
https://manual.aturnos.com/knowledgebase/c-comentarios/,/manual/gestion-de-personal/3-comentarios/,301
https://manual.aturnos.com/knowledgebase/c-dar-de-baja-un-trabajador/,/manual/gestion-de-personal/c-dar-de-baja-un-trabajador/,301
https://manual.aturnos.com/knowledgebase/c-exportar/,/manual/planificacion/c-exportar/,301
https://manual.aturnos.com/knowledgebase/c-periodos-de-absentismo/,/manual/gestion-de-personal/c-periodos-de-absentismo/,301
https://manual.aturnos.com/knowledgebase/c-plantilla-de-nomina/,/manual/costes-y-nominas/4-1-plantilla-de-nomina/,301
https://manual.aturnos.com/knowledgebase/c-privacidad/,/manual/planificacion/c-privacidad/,301
https://manual.aturnos.com/knowledgebase/calculadora-de-turnos/,/manual/planificacion/calculadora-de-turnos/,301
https://manual.aturnos.com/knowledgebase/casos-de-uso-de-trabajadores/,/manual/recursos-y-partes/como-informan-los-trabajadores-los-recursos/,301
https://manual.aturnos.com/knowledgebase/como-personalizar-el-parte-hoja-de-trabajo/,/manual/recursos-y-partes/como-crear-un-parte-de-trabajo/,301
https://manual.aturnos.com/knowledgebase/como-puedo-cambiar-la-contrasena-desde-la-app/,/manual/configuracion-y-cuenta/como-puedo-cambiar-la-contrasena-desde-la-app/,301
https://manual.aturnos.com/knowledgebase/como-puedo-desactivar-las-notificaciones-de-la-app/,/manual/configuracion-y-cuenta/como-puedo-activar-desactivar-las-notificaciones-de-la-app/,301
https://manual.aturnos.com/knowledgebase/como-puedo-ver-el-cuadrante-de-mis-companeros/,/manual/planificacion/como-puedo-ver-el-cuadrante-de-mis-companeros/,301
https://manual.aturnos.com/knowledgebase/como-recuperar-contrasena-desde-la-app-de-aturnos/,/manual/configuracion-y-cuenta/como-recuperar-contrasena-desde-la-app-de-aturnos/,301
https://manual.aturnos.com/knowledgebase/conceptos-de-nomina/,/manual/costes-y-nominas/conceptos-de-nomina/,301
https://manual.aturnos.com/knowledgebase/conceptos-tipo-10-conceptos-asociados-al-control-de-presencia/,/manual/control-horario/conceptos-tipo-10-conceptos-asociados-al-control-de-presencia/,301
https://manual.aturnos.com/knowledgebase/conceptos-tipo-2-conceptos-asociados-a-las-horas-de-la-duracion-computada-de-los-turnos/,/manual/planificacion/conceptos-tipo-2-horas-computadas-del-tipo-de-turno-seleccionado/,301
https://manual.aturnos.com/knowledgebase/conceptos-tipo-3-conceptos-asociados-a-las-horas-de-la-duracion-total-de-los-turnos/,/manual/planificacion/conceptos-tipo-3-horas-planificadas-del-tipo-de-turno-seleccionado/,301
https://manual.aturnos.com/knowledgebase/conceptos-tipo-4-conceptos-asociados-a-los-tipos-de-turnos/,/manual/planificacion/conceptos-tipo-4-conceptos-asociados-a-los-tipos-de-turnos/,301
https://manual.aturnos.com/knowledgebase/conceptos-tipo-5-conceptos-asociados-a-las-horas-personalizadas/,/manual/gestion-de-personal/conceptos-tipo-5-conceptos-asociados-a-las-horas-personalizadas/,301
https://manual.aturnos.com/knowledgebase/conceptos-tipo-6-conceptos-asociados-a-los-datos-personalizados/,/manual/gestion-de-personal/conceptos-tipo-6-conceptos-asociados-a-los-datos-personalizados/,301
https://manual.aturnos.com/knowledgebase/conceptos-tipo-7-conceptos-asociados-al-perfil-del-trabajador/,/manual/gestion-de-personal/conceptos-tipo-7-conceptos-asociados-al-perfil-del-trabajador/,301
https://manual.aturnos.com/knowledgebase/conceptos-tipo-8-conceptos-asociados-al-modulo-de-recursos/,/manual/recursos-y-partes/conceptos-tipo-8-conceptos-asociados-al-modulo-de-recursos/,301
https://manual.aturnos.com/knowledgebase/conceptos-tipo-9-conceptos-asociados-a-las-jornadas-partidas/,/manual/planificacion/conceptos-tipo-9-conceptos-asociados-a-las-jornadas-partidas/,301
https://manual.aturnos.com/knowledgebase/configuracion/,/manual/recursos-y-partes/configuracion-del-modulo-de-recursos/,301
https://manual.aturnos.com/knowledgebase/control-de-presencia/,/manual/control-horario/control-horario-app/,301
https://manual.aturnos.com/knowledgebase/coste-por-categoria/,/manual/costes-y-nominas/costes-por-categoria/,301
https://manual.aturnos.com/knowledgebase/coste/,/manual/costes-y-nominas/coste/,301
https://manual.aturnos.com/knowledgebase/costes-detalle/,/manual/costes-y-nominas/costes-detalle/,301
https://manual.aturnos.com/knowledgebase/costes-por-categoria/,/manual/costes-y-nominas/costes-categoria/,301
https://manual.aturnos.com/knowledgebase/costes-por-hora-general-equipo/,/manual/costes-y-nominas/costes-por-hora-general-equipo/,301
https://manual.aturnos.com/knowledgebase/costes-por-localizacion/,/manual/costes-y-nominas/costes-por-localizacion/,301
https://manual.aturnos.com/knowledgebase/costes-por-turno/,/manual/costes-y-nominas/costes-por-turno/,301
https://manual.aturnos.com/knowledgebase/costes-por-usuario/,/manual/costes-y-nominas/costes-por-usuario/,301
https://manual.aturnos.com/knowledgebase/crear-y-editar-turnos-absentismos-y-ofertas/,/manual/planificacion/crear-y-editar-turnos-y-absentismos/,301
https://manual.aturnos.com/knowledgebase/cuadrante/,/manual/planificacion/cuadrante/,301
https://manual.aturnos.com/knowledgebase/d-anade-patron/,/manual/planificacion/4-anadir-patron/,301
https://manual.aturnos.com/knowledgebase/d-anadir-turnos/,/manual/planificacion/5-anadir-turnos/,301
https://manual.aturnos.com/knowledgebase/d-barra-superior/,/manual/gestion-de-personal/d-barra-superior/,301
https://manual.aturnos.com/knowledgebase/d-cambios/,/manual/configuracion-y-cuenta/d-cambios/,301
https://manual.aturnos.com/knowledgebase/d-exportar-nominas/,/manual/costes-y-nominas/5-1-exportar-nominas/,301
https://manual.aturnos.com/knowledgebase/d-historico-sustituciones/,/manual/gestion-de-personal/d-historico/,301
https://manual.aturnos.com/knowledgebase/d-horas-en-los-equipos/,/manual/gestion-de-personal/1-horas-en-los-equipos/,301
https://manual.aturnos.com/knowledgebase/d-jornadas-partidas/,/manual/planificacion/c-jornadas-partidas/,301
https://manual.aturnos.com/knowledgebase/d-perfiles/,/manual/gestion-de-personal/d-perfiles/,301
https://manual.aturnos.com/knowledgebase/demanda/,/manual/planificacion/demanda/,301
https://manual.aturnos.com/knowledgebase/descanso-a-nivel-de-equipo/,/manual/gestion-de-personal/descanso-a-nivel-de-equipo/,301
https://manual.aturnos.com/knowledgebase/descanso-perfil-del-trabajador/,/manual/gestion-de-personal/descanso-perfil-del-trabajador/,301
https://manual.aturnos.com/knowledgebase/descanso-programado/,/manual/planificacion/descanso-programado/,301
https://manual.aturnos.com/knowledgebase/descanso-realizado/,/manual/control-horario/descanso-realizado/,301
https://manual.aturnos.com/knowledgebase/descanso/,/manual/planificacion/descanso-del-turno/,301
https://manual.aturnos.com/knowledgebase/dia/,/manual/planificacion/dia-presencial/,301
https://manual.aturnos.com/knowledgebase/dias-estimados-a-trabajar-al-ano/,/manual/planificacion/dias-estimados-a-trabajar-al-ano/,301
https://manual.aturnos.com/knowledgebase/dias-estimados-a-trabajar-en-el-mes/,/manual/planificacion/dias-estimados-a-trabajar-en-el-mes/,301
https://manual.aturnos.com/knowledgebase/dias-libres/,/manual/planificacion/dias-libres/,301
https://manual.aturnos.com/knowledgebase/dias-presenciales/,/manual/gestion-de-personal/dias-presenciales/,301
https://manual.aturnos.com/knowledgebase/documentos/,/manual/documentos/documentos/,301
https://manual.aturnos.com/knowledgebase/e-estadisticas/,/manual/costes-y-nominas/6-1-estadistica-por-periodo/,301
https://manual.aturnos.com/knowledgebase/e-franjas-horarias/,/manual/planificacion/e-franjas-horarias/,301
https://manual.aturnos.com/knowledgebase/e-modificar-turnos/,/manual/planificacion/6-modificar-turnos/,301
https://manual.aturnos.com/knowledgebase/e-mostrar-ocultar-y-acciones/,/manual/documentos/e-mostrar-ocultar-y-acciones/,301
https://manual.aturnos.com/knowledgebase/e-peticiones/,/manual/peticiones-y-cambios/e-peticiones/,301
https://manual.aturnos.com/knowledgebase/e-reporte-detalles-trabajador/,/manual/gestion-de-personal/1-reporte-detalles-trabajador/,301
https://manual.aturnos.com/knowledgebase/e-tipos-de-horas/,/manual/gestion-de-personal/d-tipos-de-horas/,301
https://manual.aturnos.com/knowledgebase/e-visualizacion/,/manual/gestion-de-personal/f-visualizacion/,301
https://manual.aturnos.com/knowledgebase/empezar-y-finalizar-tareas/,/manual/tareas/crear-empezar-y-finalizar-tareas/,301
https://manual.aturnos.com/knowledgebase/estadisticas/,/manual/planificacion/estadisticas/,301
https://manual.aturnos.com/knowledgebase/estado-de-horas/,/manual/configuracion-y-cuenta/estado-de-horas/,301
https://manual.aturnos.com/knowledgebase/estado-detalle-diario/,/manual/general/estado-detalle-diario/,301
https://manual.aturnos.com/knowledgebase/estado-diario/,/manual/general/estado-diario/,301
https://manual.aturnos.com/knowledgebase/estado-por-localizaciones/,/manual/recursos-y-partes/estado-por-localizaciones/,301
https://manual.aturnos.com/knowledgebase/externo/,/manual/gestion-de-personal/usuario-externo/,301
https://manual.aturnos.com/knowledgebase/f-anade-absentismos/,/manual/planificacion/7-anade-absentismos/,301
https://manual.aturnos.com/knowledgebase/f-configuracion-reportes-rrhh/,/manual/gestion-de-personal/1-configuracion-reportes-rrhh/,301
https://manual.aturnos.com/knowledgebase/f-estadistica-diaria/,/manual/gestion-de-personal/7-1-estadistica-diaria/,301
https://manual.aturnos.com/knowledgebase/f-exportar-y-cambiar-orden/,/manual/planificacion/f-exportar-y-cambiar-orden/,301
https://manual.aturnos.com/knowledgebase/f-variables-del-listado-de-trabajadores/,/manual/gestion-de-personal/f-variables-del-listado-de-trabajadores/,301
https://manual.aturnos.com/knowledgebase/fichajes-sin-cerrar/,/manual/control-horario/fichajes-sin-cerrar/,301
https://manual.aturnos.com/knowledgebase/funciones-del-administrador/,/manual/recursos-y-partes/como-informan-los-administradores-los-recursos-a-los-trabajadores/,301
https://manual.aturnos.com/knowledgebase/funciones-principales/,/manual/planificacion/funciones-principales/,301
https://manual.aturnos.com/knowledgebase/g-acciones-automaticas/,/manual/configuracion-y-cuenta/g-acciones-automaticas/,301
https://manual.aturnos.com/knowledgebase/g-historial-de-ofertas/,/manual/planificacion/g-historial-de-ofertas/,301
https://manual.aturnos.com/knowledgebase/g-localizacion-turno/,/manual/planificacion/8-localizacion-turno/,301
https://manual.aturnos.com/knowledgebase/g-notificaciones/,/manual/planificacion/h-notificaciones/,301
https://manual.aturnos.com/knowledgebase/h-borrar/,/manual/planificacion/9-borrar/,301
https://manual.aturnos.com/knowledgebase/h-pantalla-de-inicio/,/manual/configuracion-y-cuenta/i-pantalla-de-inicio/,301
https://manual.aturnos.com/knowledgebase/horas-absentismos-justificados-no-productivos/,/manual/planificacion/horas-absentismos-justificados-no-productivos/,301
https://manual.aturnos.com/knowledgebase/horas-absentismos-no-justificados/,/manual/planificacion/horas-absentismos-justificados-productivos/,301
https://manual.aturnos.com/knowledgebase/horas-absentismos-todos/,/manual/planificacion/horas-absentismos-todos/,301
https://manual.aturnos.com/knowledgebase/horas-absentismos/,/manual/planificacion/horas-absentismos-justificados-productivos/,301
https://manual.aturnos.com/knowledgebase/horas-complementarias/,/manual/planificacion/horas-complementarias/,301
https://manual.aturnos.com/knowledgebase/horas-computables-presenciales/,/manual/gestion-de-personal/horas-computadas-presenciales/,301
https://manual.aturnos.com/knowledgebase/horas-computadas-de-absentismos-timecard/,/manual/planificacion/horas-computadas-de-absentismos-timecard/,301
https://manual.aturnos.com/knowledgebase/horas-computadas-de-un-tipo-de-turno/,/manual/planificacion/horas-computadas-de-un-tipo-de-turno/,301
https://manual.aturnos.com/knowledgebase/horas-computadas-menos-absentismos-justificados/,/manual/planificacion/horas-computadas-menos-absentismos-justificados/,301
https://manual.aturnos.com/knowledgebase/horas-computadas-timecard/,/manual/planificacion/horas-computadas-timecard/,301
https://manual.aturnos.com/knowledgebase/horas-computadas/,/manual/planificacion/horas-computadas/,301
https://manual.aturnos.com/knowledgebase/horas-contrato/,/manual/gestion-de-personal/horas-contrato/,301
https://manual.aturnos.com/knowledgebase/horas-efectivas/,/manual/configuracion-y-cuenta/horas-computadas-mas-ajustes/,301
https://manual.aturnos.com/knowledgebase/horas-estimadas-a-trabajar-al-dia/,/manual/gestion-de-personal/horas-estimadas-a-trabajar-al-dia/,301
https://manual.aturnos.com/knowledgebase/horas-estimadas-a-trabajar-en-cada-mes/,/manual/planificacion/horas-estimadas-a-trabajar-en-cada-mes/,301
https://manual.aturnos.com/knowledgebase/horas-extra/,/manual/planificacion/horas-extra/,301
https://manual.aturnos.com/knowledgebase/horas-festivas/,/manual/planificacion/horas-festivas/,301
https://manual.aturnos.com/knowledgebase/horas-no-computables-planificadas/,/manual/planificacion/horas-no-computadas-planificadas/,301
https://manual.aturnos.com/knowledgebase/horas-nocturnas/,/manual/configuracion-y-cuenta/horas-nocturnas/,301
https://manual.aturnos.com/knowledgebase/horas-por-ajuste/,/manual/gestion-de-personal/horas-por-ajuste/,301
https://manual.aturnos.com/knowledgebase/horas-presenciales-dentro-de-turno/,/manual/control-horario/horas-presenciales-dentro-de-turno/,301
https://manual.aturnos.com/knowledgebase/horas-presenciales-en-turno-computable/,/manual/control-horario/horas-presenciales-en-turno-computable/,301
https://manual.aturnos.com/knowledgebase/horas-presenciales-en-turno-no-computable/,/manual/control-horario/horas-presenciales-en-turno-no-computable/,301
https://manual.aturnos.com/knowledgebase/horas-presenciales/,/manual/control-horario/horas-presenciales/,301
https://manual.aturnos.com/knowledgebase/horas-realizadas-totales/,/manual/planificacion/horas-planificadas/,301
https://manual.aturnos.com/knowledgebase/horas-totales-de-un-tipo-de-turno/,/manual/planificacion/horas-totales-de-un-tipo-de-turno/,301
https://manual.aturnos.com/knowledgebase/horas-trabajadas-2/,/manual/planificacion/horas-trabajadas/,301
https://manual.aturnos.com/knowledgebase/horas-voluntarias/,/manual/control-horario/horas-voluntarias/,301
https://manual.aturnos.com/knowledgebase/horas/,/manual/planificacion/horas-normales-fuera-de-turno/,301
https://manual.aturnos.com/knowledgebase/i-peticiones/,/manual/peticiones-y-cambios/10-peticiones/,301
https://manual.aturnos.com/knowledgebase/incumplimiento/,/manual/general/incumplimiento/,301
https://manual.aturnos.com/knowledgebase/inicio/,/manual/gestion-de-personal/inicio/,301
https://manual.aturnos.com/knowledgebase/introduccion/,/manual/general/introduccion/,301
https://manual.aturnos.com/knowledgebase/j-anadir-horas/,/manual/planificacion/11-anadir-horas/,301
https://manual.aturnos.com/knowledgebase/j-modulos/,/manual/integraciones-y-api/j-modulos/,301
https://manual.aturnos.com/knowledgebase/jornada/,/manual/gestion-de-personal/jornadas-planificadas/,301
https://manual.aturnos.com/knowledgebase/jornadas-absentismos/,/manual/planificacion/jornadas-absentismos/,301
https://manual.aturnos.com/knowledgebase/k-modificar-horas/,/manual/recursos-y-partes/12-modificar-horas/,301
https://manual.aturnos.com/knowledgebase/l-cambiar-turno-a-horas/,/manual/planificacion/14-cambiar-turno-a-horas/,301
https://manual.aturnos.com/knowledgebase/l-dividir-turno/,/manual/planificacion/13-dividir-turno/,301
https://manual.aturnos.com/knowledgebase/lanzar-ofertas/,/manual/gestion-de-personal/lanzar-ofertas/,301
https://manual.aturnos.com/knowledgebase/lanzar-peticiones-y-cambios/,/manual/peticiones-y-cambios/lanzar-peticiones-y-cambios/,301
https://manual.aturnos.com/knowledgebase/listado-de-trabajadores/,/manual/gestion-de-personal/listado-de-trabajadores/,301
https://manual.aturnos.com/knowledgebase/login/,/manual/gestion-de-personal/como-acceder-desde-la-app-de-aturnos/,301
https://manual.aturnos.com/knowledgebase/m-pegar-desde-excel/,/manual/planificacion/15-pegar-desde-excel/,301
https://manual.aturnos.com/knowledgebase/mensajes-in-app/,/manual/gestion-de-personal/mensajes-in-app/,301
https://manual.aturnos.com/knowledgebase/migrar-saldos-del-acumulado-del-estado-de-horas/,/manual/gestion-de-personal/migrar-saldos-del-acumulado-del-estado-de-horas/,301
https://manual.aturnos.com/knowledgebase/mis-equipos/,/manual/gestion-de-personal/1-4-mis-equipos/,301
https://manual.aturnos.com/knowledgebase/modulos/,/manual/planificacion/modulos-de-aturnos/,301
https://manual.aturnos.com/knowledgebase/n-turnos-por-teclado/,/manual/planificacion/16-turnos-por-teclado/,301
https://manual.aturnos.com/knowledgebase/o-copiar-dia/,/manual/general/17-copiar-dia/,301
https://manual.aturnos.com/knowledgebase/oferta-de-turno/,/manual/peticiones-y-cambios/oferta-de-turno/,301
https://manual.aturnos.com/knowledgebase/perfil-del-trabajador/,/manual/gestion-de-personal/perfil-del-trabajador-app/,301
https://manual.aturnos.com/knowledgebase/perfil/,/manual/gestion-de-personal/perfil-del-trabajador/,301
https://manual.aturnos.com/knowledgebase/periodo-de-absentismo/,/manual/planificacion/periodo-de-absentismo/,301
https://manual.aturnos.com/knowledgebase/periodo/,/manual/gestion-de-personal/periodo-de-contrato/,301
https://manual.aturnos.com/knowledgebase/peticiones/,/manual/peticiones-y-cambios/peticion/,301
https://manual.aturnos.com/knowledgebase/planificabilidad-disponibilidad/,/manual/planificacion/9-planificabilidad-disponibilidad/,301
https://manual.aturnos.com/knowledgebase/por-que-no-puedo-fichar-desde-la-app/,/manual/control-horario/por-que-no-puedo-fichar-desde-la-app/,301
https://manual.aturnos.com/knowledgebase/por-que-no-puedo-ver-el-saldo-de-horas/,/manual/configuracion-y-cuenta/por-que-no-puedo-ver-el-saldo-de-horas/,301
https://manual.aturnos.com/knowledgebase/presencia-en-horario/,/manual/planificacion/presencia-en-horario/,301
https://manual.aturnos.com/knowledgebase/presenciales/,/manual/control-horario/presenciales/,301
https://manual.aturnos.com/knowledgebase/puntualidad/,/manual/control-horario/puntualidad/,301
https://manual.aturnos.com/knowledgebase/restriccion-deseable/,/manual/planificacion/restriccion-deseable/,301
https://manual.aturnos.com/knowledgebase/restriccion-obligatoria/,/manual/planificacion/restriccion-obligatoria/,301
https://manual.aturnos.com/knowledgebase/restriccion/,/manual/planificacion/restriccion/,301
https://manual.aturnos.com/knowledgebase/resumen/,/manual/recursos-y-partes/resumen-de-los-recursos-validacion-exportacion-totales-alarmas/,301
https://manual.aturnos.com/knowledgebase/revisar-cuadrante/,/manual/planificacion/revisar-cuadrante-y-anadir-modificar-eliminar-turnos/,301
https://manual.aturnos.com/knowledgebase/rol/,/manual/configuracion-y-cuenta/roles-de-usuarios/,301
https://manual.aturnos.com/knowledgebase/solicitud-de-fichajes-pendientes/,/manual/control-horario/solicitud-de-fichajes-pendientes/,301
https://manual.aturnos.com/knowledgebase/subir-y-descargar-documentos/,/manual/documentos/subir-y-descargar-documentos/,301
https://manual.aturnos.com/knowledgebase/suplemento/,/manual/planificacion/suplemento/,301
https://manual.aturnos.com/knowledgebase/tareas-2/,/manual/tareas/tareas/,301
https://manual.aturnos.com/knowledgebase/tareas/,/manual/cita-previa/tareas-app/,301
https://manual.aturnos.com/knowledgebase/timecard-por-localizacion/,/manual/recursos-y-partes/timecard-por-localizacion/,301
https://manual.aturnos.com/knowledgebase/timecard-totalizado/,/manual/general/timecard-totalizado/,301
https://manual.aturnos.com/knowledgebase/tipos-de-horas/,/manual/planificacion/tipos-de-horas/,301
https://manual.aturnos.com/knowledgebase/tipos-de-recursos/,/manual/recursos-y-partes/tipos-de-recursos/,301
https://manual.aturnos.com/knowledgebase/tolerancia/,/manual/control-horario/tolerancia/,301
https://manual.aturnos.com/knowledgebase/trabajador/,/manual/gestion-de-personal/trabajador/,301
https://manual.aturnos.com/knowledgebase/trabajadores-disponibles/,/manual/planificacion/trabajador-disponible/,301
https://manual.aturnos.com/knowledgebase/trabajadores-planificados-control-de-presencia/,/manual/control-horario/trabajador-planificado-control-de-presencia/,301
https://manual.aturnos.com/knowledgebase/trabajadores-planificados/,/manual/planificacion/trabajador-planificado/,301
https://manual.aturnos.com/knowledgebase/trabajadores-presenciales/,/manual/control-horario/trabajador-presencial-control-horario/,301
https://manual.aturnos.com/knowledgebase/turno-extraordinario/,/manual/planificacion/turno-extraordinario/,301
https://manual.aturnos.com/knowledgebase/turno/,/manual/planificacion/turno/,301
https://manual.aturnos.com/knowledgebase/usuario-ficticio/,/manual/gestion-de-personal/usuario-ficticio/,301
https://manual.aturnos.com/knowledgebase/usuario-no-planificable/,/manual/gestion-de-personal/usuario-no-planificable/,301
https://manual.aturnos.com/knowledgebase/usuario-planificable-oculto/,/manual/gestion-de-personal/usuario-planificable-oculto/,301
https://manual.aturnos.com/knowledgebase/usuario-visible/,/manual/gestion-de-personal/usuario-planificable/,301
https://manual.aturnos.com/knowledgebase/usuario/,/manual/gestion-de-personal/usuario-en-aturnos/,301
https://manual.aturnos.com/knowledgebase/vacaciones-disfrutadas/,/manual/planificacion/vacaciones-disfrutadas/,301
https://manual.aturnos.com/knowledgebase/vacaciones-planificadas/,/manual/planificacion/vacaciones-planificadas/,301
https://manual.aturnos.com/knowledgebase/vacaciones/,/manual/planificacion/vacaciones/,301
https://manual.aturnos.com/knowledgebase/widgets/,/manual/gestion-de-personal/widgets/,301
